Site,Treatment,excavation_date,excavation_sample,species,Individual_ID,length_mm,width_mm,total_wet_weight_g,tissue_dry_weight_g,shell_dry_weight_g,Notes
Deanza,O,5/17/18,Q1,Adula ,1,19,9.4,0.5017,0.0282,0.2359,"Check this after, one has wax"
Deanza,O,5/17/18,Q1,Adula,2,21.2,10.2,0.5803,0.033,0.2308,
Deanza,O,5/17/18,Q1,Musculista,3,18.3,9.5,0.3801,0.0294,0.1293,
Deanza,O,5/17/18,Q1,Musculista,4,19,10.2,0.47742,0.03833,0.19352,
Deanza,O,5/17/18,Q1,Musculista,5,20.6,10.5,0.5568,0.04761,0.184,
Deanza,O,5/17/18,Q1,Musculista,6,11.6,9,0.3589,0.0261,0.1236,
Deanza,O,5/17/18,Q1,Musculista,7,12.5,6.8,0.14146,0.00509,0.05787,
Deanza,O,5/17/18,Q1,Musculista,8,10.1,5.8,0.06441,0.00145,0.03055,
Deanza,O,5/17/18,Q1,Musculista,9,12.3,7,0.1148,-0.0065,0.0525,
Deanza,O,5/17/18,Q1,Musculista,10,8.8,7.5,0.1641,0.00988,0.07562,
Deanza,O,5/17/18,Q1,Musculista,11,12.2,6.5,0.1362,0.0091,0.05522,
Deanza,O,5/17/18,Q1,Musculista,12,13,7.4,0.14447,0.01891,0.07679,Tissue fell out of tin and into wax
Deanza,O,5/17/18,Q1,Musculista,13,9.1,7.6,0.1805,0.0092,0.0802,
Deanza,O,5/17/18,Q1,Musculista,14,17.4,8.8,0.3138,0.0106,0.1433,Shell and tissue were in switched tins for dry weight
Deanza,O,5/17/18,Q1,Musculista,15,15.1,8.3,0.24707,0.01748,0.09209,
Deanza,O,5/17/18,Q1,Musculista,16,11.7,6.6,0.13612,0.00596,0.05952,
Deanza,O,5/17/18,Q1,Musculista,17,18.9,9.3,0.3334,0.028,0.120857,
Deanza,O,5/17/18,Q1,Mytilus,18,31.1,18.1,1.7071,0.06195,1.1396,
Deanza,O,5/17/18,Q1,Mytilus,19,29.4,15.2,1.11144,0.03652,0.80855,
Deanza,O,5/17/18,Q1,Crucibulum spinosum,1,16.4,12.8,0.2443,0.0151,0.1242,
Deanza,O,5/17/18,Q1,O. lurida,2,36.6,44.1,5.2293,0.1842,3.7225,
Deanza,O,5/17/18,Q1,O. lurida,3,35.4,24.1,3.1806,0.1318,2.2694,
Deanza,O,5/17/18,Q1,O. lurida,4,26.7,12.5,0.6714,0.0253,0.4709,
Deanza,O,5/17/18,Q1,O. lurida,5,39.3,35.9,4.7274,0.1427,3.1434,
Deanza,O,5/17/18,Q1,O. lurida,6,52.4,30.8,6.0071,0.2821,4.4828,
Deanza,O,5/17/18,Q2,Mytilus,7,35.3,20.5,2.4142,0.1031,1.5565,
Deanza,O,5/17/18,Q2,Mytilus,8,38.6,23.5,3.17,0.1645,2.2811,
Deanza,O,5/17/18,Q2,Mytilus,9,13,11.5,0.331,0.0099,0.2638,
Deanza,O,5/17/18,Q2,Mytilus,10,9.7,10.9,0.2289,0.0082,0.1508,
Deanza,O,5/17/18,Q2,Mytilus,11,15.6,9.5,0.1698,0.0061,0.1268,
Deanza,O,5/17/18,Q2,C. spinosum,12,13.5,12.3,0.2843,0.0217,0.1775,
Deanza,O,5/17/18,Q2,C. spinosum,13,16.1,12.9,0.3449,0.017,0.1695,
Deanza,O,5/17/18,Q2,C. spinosum,14,14.6,12.6,0.3072,-0.2892,0.1462,
Deanza,O,5/17/18,Q2,C. spinosum,15,15.8,12.9,0.3443,0.0248,0.1657,
Deanza,O,5/17/18,Q2,C. spinosum,16,13.1,12,0.2332,0.0137,0.1326,
Deanza,O,5/17/18,Q2,C. spinosum,17,14.6,12.2,0.2996,0.0223,0.1543,
Deanza,O,5/17/18,Q2,C. spinosum,18,10.9,9.2,0.1075,0.0123,0.0673,
Deanza,O,5/17/18,Q2,C. spinosum,19,15.8,13.1,0.3969,0.0212,0.2092,
Deanza,O,5/17/18,Q2,C. spinosum,20,10.6,10,0.0794,0.0055,0.051,
Deanza,O,5/17/18,Q2,C. spinosum,21,10,7.8,0.0857,0.005,0.051,
Deanza,O,5/17/18,Q2,C. spinosum,22,11.4,10,0.1564,0.0102,0.0938,
Deanza,O,5/17/18,Q2,C. spinosum,23,10.5,8.5,0.1399,0.009,0.0884,
Deanza,O,5/17/18,Q2,C. spinosum,24,7.2,7,0.0479,0.0031,0.0388,
Deanza,O,5/17/18,Q2,C. spinosum,25,9.3,8.9,0.0485,0.0035,0.0346,
Deanza,O,5/17/18,Q2,C. spinosum,26,11,9.4,0.0845,0.0069,0.0609,
Deanza,O,5/17/18,Q2,C. spinosum,27,8.4,7.2,0.0469,0.0038,0.0335,
Deanza,O,5/17/18,Q2,C. spinosum,28,9.8,7.5,0.0423,0.0029,0.0341,Top of shell was cracked
Deanza,O,5/17/18,Q2,Musculista,1,19.4,10.1,0.3648,0.0281,0.1788,
Deanza,O,5/17/18,Q2,Musculista,2,18,9.4,0.2556,0.014,0.1493,
Deanza,O,5/17/18,Q2,Musculista,3,17.1,9.3,0.2539,0.0134,0.1449,
Deanza,O,5/17/18,Q2,Musculista,4,18.1,8.9,0.2933,0.0225,0.1324,
Deanza,O,5/17/18,Q2,Musculista,5,18.8,9.7,0.312,0.0134,0.2002,
Deanza,O,5/17/18,Q2,Musculista,6,19.5,9.5,0.4547,0.0382,0.1879,
Deanza,O,5/17/18,Q2,Musculista,7,16.5,9.9,-0.6731,0.0287,0.1695,
Deanza,O,5/17/18,Q2,Musculista,8,18.3,9.4,-0.653,0.0302,0.1606,
Deanza,O,5/17/18,Q2,Musculista,9,15.5,7.9,0.2098,0.0195,0.1058,
Deanza,O,5/17/18,Q2,Musculista,10,18,9.5,0.4304,0.0308,0.1758,
Deanza,O,5/17/18,Q2,Musculista,11,17.5,9.5,0.3632,0.032,0.182,
Deanza,O,5/17/18,Q2,Musculista,12,14.2,8,0.1408,0.0066,0.0908,
Deanza,O,5/17/18,Q2,Musculista,13,15.2,8.1,0.2268,0.0265,0.0978,
Deanza,O,5/17/18,Q2,Musculista,14,14.6,8.5,-0.7585,0.0201,0.1271,
Deanza,O,5/17/18,Q2,Musculista,15,15.2,8.9,0.2189,0.017,0.1029,
Deanza,O,5/17/18,Q2,Musculista,16,16.1,9.4,0.2379,0.0095,0.147,
Deanza,O,5/17/18,Q2,Musculista,17,14.4,8.3,0.1989,0.0166,0.0841,
Deanza,O,5/17/18,Q2,Musculista,18,13.6,7.9,0.1565,0.0116,0.0708,
Deanza,O,5/17/18,Q2,Musculista,19,15.2,10.5,0.1631,0.0102,0.1085,
Deanza,O,5/17/18,Q2,Musculista,20,14.1,12.7,0.1659,0.014,0.0865,
Deanza,O,5/17/18,Q2,Unknown mussel,1,19.1,10.8,0.2189,-0.1617,-0.086,
Deanza,O,5/17/18,Q2,Unknown mussel,2,22.2,10.3,-0.6934,-0.4233,0.2713,
Deanza,O,5/17/18,Q2,Unknown mussel,3,16.1,8.3,-0.0038,-0.185,0.1143,
Deanza,O,5/17/18,Q2,Unknown mussel,4,19.8,9.9,0.2489,0.013,0.1668,
Deanza,O,5/17/18,Q2,Unknown mussel,5,20.9,10.2,0.4573,0.0188,0.2457,
Deanza,O,5/17/18,Q2,Unknown mussel,6,21.5,10.1,0.4468,0.0263,0.2646,
Deanza,O,5/17/18,Q2,Unknown mussel,7,25.7,11.9,0.7708,0.0701,0.3491,
Deanza,O,5/17/18,Q2,Unknown mussel,8,19.3,9.7,0.3884,0.026,0.1937,
Deanza,O,5/17/18,Q2,Unknown mussel,9,18.2,10.2,0.4331,0.0316,0.209,
Deanza,O,5/17/18,Q2,Unknown mussel,10,10.2,7.4,0.213,0.0083,0.1435,
Deanza,O,5/17/18,Q2,Musculista,21,14.1,7.9,0.2104,0.008,0.1331,
Deanza,O,5/17/18,Q2,Musculista,22,13.8,7.9,0.1474,0.009,0.0794,
Deanza,O,5/17/18,Q2,Musculista,23,14.4,8.4,0.157,0.0099,0.0983,
Deanza,O,5/17/18,Q2,Musculista,24,13.3,8.1,0.1675,0.0099,0.0914,
Deanza,O,5/17/18,Q2,Musculista,25,15.5,8.3,0.1897,0.0123,0.1046,
Deanza,O,5/17/18,Q2,Musculista,26,11.6,6.8,0.1612,0.0091,0.0498,
Deanza,O,5/17/18,Q2,Musculista,27,12.6,6.2,0.0131,-0.0651,0.0445,
Deanza,O,5/17/18,Q2,Musculista,28,15.1,8.3,0.2124,0.0133,0.1168,
Deanza,O,5/17/18,Q2,Musculista,29,12.1,6.3,0.0793,0.0061,0.0489,
Deanza,O,5/17/18,Q2,Musculista,30,11.4,6.1,0.0676,0.003,0.0441,
Deanza,O,5/17/18,Q2,Musculista,31,14.8,8.4,0.1453,0.0143,0.0683,
Deanza,O,5/17/18,Q2,Musculista,32,12.7,6.5,0.1118,0.0087,0.0613,
Deanza,O,5/17/18,Q2,Musculista,33,14.8,8.1,0.1725,0.0135,0.08,
Deanza,O,5/17/18,Q2,Musculista,34,9.3,6.6,0.063,0.0037,0.0368,
Deanza,O,5/17/18,Q2,Musculista,35,16.1,8.3,0.2873,0.0217,0.1324,
Deanza,O,5/17/18,Q2,Musculista,36,11.3,7.7,0.0688,0.0042,0.0418,
Deanza,O,5/17/18,Q2,Musculista,37,11.1,6.2,0.0861,0.0036,0.059,
Deanza,O,5/17/18,Q2,Musculista,38,12.3,7.9,0.0935,0.0064,0.0602,
Deanza,O,5/17/18,Q2,Musculista,39,11.2,7.6,0.0762,0.0041,0.0523,
Deanza,O,5/17/18,Q2,Musculista,40,13.1,6.4,0.1234,0.0103,0.0612,
Deanza,O,5/17/18,Q2,Musculista,41,11.4,7.7,0.1187,0.0085,0.0672,
Deanza,O,5/17/18,Q2,Musculista,42,10.3,7.8,0.099,0.0108,0.0513,
Deanza,O,5/17/18,Q2,Musculista,43,10.5,6.7,0.0751,0.0051,0.043,
Deanza,O,5/17/18,Q2,Musculista,44,9.3,6.5,0.0658,0.0035,0.0364,
Deanza,O,5/17/18,Q2,Musculista,45,9.4,5.5,0.0494,0.0035,0.029,
Deanza,O,5/17/18,Q2,Musculista,46,9.1,5.5,0.0405,0.0029,0.0254,
Deanza,O,5/17/18,Q2,Musculista,47,9.7,5.2,0.0374,0.0026,0.0206,Removed sludge from shell after total CI measurement
Deanza,O,5/17/18,Q2,Musculista,48,9.7,5.5,0.0449,0.004,0.0262,
Deanza,O,5/17/18,Q2,Musculista,49,8.2,5.6,0.0325,0.0017,0.0222,CI #'s kept coming out off/weird
Deanza,O,5/17/18,Q2,O. lurida,51,26.5,26,1.1808,0.0466,0.8634,
Deanza,O,5/17/18,Q2,O. lurida,52,29.9,24.6,2.0576,0.072,1.4746,
Deanza,O,5/17/18,Q2,O. lurida,53,40.3,27.9,6.1273,0.2909,4.3191,
Deanza,O,5/17/18,Q2,O. lurida,54,24,17.5,0.8406,0.0285,0.6423,
Deanza,O,5/17/18,Q2,O. lurida,55,27.5,31.9,1.8369,0.053,1.4035,
Deanza,O,5/17/18,Q2,O. lurida,56,22.6,21.8,0.9962,0.0431,0.7001,
Deanza,O,5/17/18,Q2,O. lurida,57,30.8,17.5,1.4433,0.0552,1.0488,
Deanza,O,5/17/18,Q2,O. lurida,58,18.9,13.8,0.4446,0.0088,0.3923,
Deanza,O,5/17/18,Q2,O. lurida,59,33.2,22,1.8042,0.0903,1.321,
Deanza,O,5/17/18,Q3,Adula,1,18.9,8.5,0.331,0.0147,0.176,
Deanza,O,5/17/18,Q3,Adula,2,17.2,9.6,0.3515,0.0193,0.1527,
Deanza,O,5/17/18,Q3,Adula,3,18.8,9.5,0.4384,0.0238,0.2107,
Deanza,O,5/17/18,Q3,Adula,4,23.7,11.2,0.8585,0.0689,0.3416,
Deanza,O,5/17/18,Q3,Adula,5,19.1,9.2,0.4902,0.0369,0.2142,
Deanza,O,5/17/18,Q3,Adula,6,21.7,10.3,0.5058,0.0359,0.1983,
Deanza,O,5/17/18,Q3,Adula,7,15.5,8.1,0.2823,0.0168,0.1143,
Deanza,O,5/17/18,Q3,Adula,8,18.5,9.4,0.3805,0.0133,0.1611,
Deanza,O,5/17/18,Q3,Adula,9,18.7,9.6,0.4476,0.0258,0.1933,
Deanza,O,5/17/18,Q3,Adula,10,11.4,6.1,0.094,0.0041,0.0434,
Deanza,O,5/17/18,Q3,Adula,11,21.1,10.2,0.6092,0.0326,0.2919,
Deanza,O,5/17/18,Q3,Adula,12,21.8,10.1,0.4955,0.0299,0.2245,
Deanza,O,5/17/18,Q3,Adula,13,16.8,8.1,0.2341,0.0141,0.1173,
Deanza,O,5/17/18,Q3,Mytilus,1,25.7,14.1,0.9314,0.0371,0.5422,
Deanza,O,5/17/18,Q3,Mytilus,2,30.6,20.6,1.7005,0.0602,1.0408,
Deanza,O,5/17/18,Q3,Mytilus,3,27.3,17.1,1.0883,0.0488,0.6306,
Deanza,O,5/17/18,Q3,C. spinosum,1,13.2,11.1,0.2407,0.0198,0.1137,
Deanza,O,5/17/18,Q3,C. spinosum,2,12.3,11.3,0.2381,0.0154,0.1177,
Deanza,O,5/17/18,Q3,C. spinosum,3,15,12.6,0.2645,0.0201,0.1313,
Deanza,O,5/17/18,Q3,C. spinosum,4,13.8,11.4,0.2472,0.0202,0.1409,
Deanza,O,5/17/18,Q3,C. spinosum,5,15.2,13.1,0.2994,0.0177,0.1456,
Deanza,O,5/17/18,Q3,C. spinosum,6,9.3,8,0.0824,0.0055,0.0434,
Deanza,O,5/17/18,Q3,Musculista,1,21.1,10.7,0.7227,-0.2193,0.0872,
Deanza,O,5/17/18,Q3,Musculista,2,17.6,10.2,0.6251,0.0566,0.2495,
Deanza,O,5/17/18,Q3,Musculista,3,17.3,10.9,0.5523,0.0545,0.1974,
Deanza,O,5/17/18,Q3,Musculista,4,17.2,9.1,0.4038,0.0328,0.1602,
Deanza,O,5/17/18,Q3,Musculista,5,9.9,8.3,0.1724,0.0107,0.2502,
Deanza,O,5/17/18,Q3,Musculista,6,18.4,10.2,0.3217,0.0226,0.152,
Deanza,O,5/17/18,Q3,Musculista,7,18.5,10.1,0.4479,0.0303,0.1785,
Deanza,O,5/17/18,Q3,Musculista,8,18.8,9.7,0.2975,0.0189,0.1463,
Deanza,O,5/17/18,Q3,Musculista,9,13.3,7.5,0.1689,0.0139,0.0748,
Deanza,O,5/17/18,Q3,Musculista,10,18,9.3,0.4048,0.0364,0.1622,
Deanza,O,5/17/18,Q3,Musculista,11,15.1,8.2,0.1725,0.0113,0.0926,
Deanza,O,5/17/18,Q3,Musculista,12,16.4,8.5,0.3061,0.0262,0.105,
Deanza,O,5/17/18,Q3,Musculista,13,15.1,7.2,0.1819,0.0112,0.0705,
Deanza,O,5/17/18,Q3,Musculista,14,11.6,8.8,0.2671,0.016,0.1109,
Deanza,O,5/17/18,Q3,Musculista,15,17.2,9.1,0.3846,0.0298,0.1637,
Deanza,O,5/17/18,Q3,Musculista,16,14.2,7.6,0.1488,0.0096,0.0774,Shell was cracked upon measuring length/width
Deanza,O,5/17/18,Q3,Musculista,17,15.9,8,0.1879,0.0157,0.0757,
Deanza,O,5/17/18,Q3,Musculista,18,14,7.7,0.2259,0.0136,0.0866,
Deanza,O,5/17/18,Q3,Musculista,19,18.9,9,0.4615,0.0371,0.1762,
Deanza,O,5/17/18,Q3,Musculista,20,13.1,7.2,0.2125,0.0181,0.0977,
Deanza,O,5/17/18,Q3,Musculista,21,12.4,7.3,0.1741,0.0129,0.0729,
Deanza,O,5/17/18,Q5,Mytilus,1,17.7,10.4,0.28,-0.0015,0.1889,
Deanza,O,5/17/18,Q5,Mytilus,2,31.7,17.7,1.5439,0.0354,0.9136,
Deanza,O,5/17/18,Q5,Mytilus,3,38.8,22.4,3.1071,0.1184,1.8026,
Deanza,O,5/17/18,Q5,Mytilus,4,21.1,13.2,0.5995,0.0125,0.3901,
Deanza,O,5/17/18,Q5,Mytilus,5,21.6,13.8,0.5584,0.0132,0.3284,
Deanza,O,5/17/18,Q5,C. Spinosum,6,11,9.2,0.1941,0.0091,0.1038,
Deanza,O,5/17/18,Q5,C. Spinosum,7,15.3,12.4,0.2747,0.016,0.136,
Deanza,O,5/17/18,Q5,C. Spinosum,8,16.2,13.2,0.4336,0.0238,0.205,
Deanza,O,5/17/18,Q5,C. Spinosum,9,17.4,14.3,0.6256,0.0325,0.3045,
Deanza,O,5/17/18,Q5,C. Spinosum,10,8.3,7.7,0.075,0.004,0.0412,
Deanza,O,5/17/18,Q5,C. Spinosum,11,19.1,16.4,0.5752,0.0347,0.3088,
Deanza,O,5/17/18,Q5,C. Spinosum,12,15.1,13,0.4122,0.0243,0.2164,
Deanza,O,5/17/18,Q5,C. Spinosum,13,18.1,15.1,0.585,0.0327,0.2594,
Deanza,O,5/17/18,Q5,C. Spinosum,14,16.2,14.9,0.6148,0.0308,0.3094,
Deanza,O,5/17/18,Q5,C. Spinosum,15,8.7,7,0.0783,0.004,0.0466,"*, funky #'s"
Deanza,O,5/17/18,Q5,C. Spinosum,16,17.4,15.2,0.5977,0.0293,0.3087,
Deanza,O,5/17/18,Q5,C. Spinosum,17,15.3,13.2,0.3678,0.023,0.268,
Deanza,O,5/17/18,Q5,C. Spinosum,18,13.9,11.1,0.2343,0.0135,0.1093,
Deanza,O,5/17/18,Q5,C. Spinosum,19,8.5,8,0.0955,0.005,0.0547,
Deanza,O,5/17/18,Q5,C. Spinosum,20,8.6,8.4,0.0841,0.0525,-0.0057,
Deanza,O,5/17/18,Q5,C. Spinosum,21,12.3,7.2,0.0861,0.0039,0.0493,
Deanza,O,5/17/18,Q5,C. Spinosum,22,14,12,0.2445,0.0136,0.1222,
Deanza,O,5/17/18,Q5,C. Spinosum,23,11.8,9.5,0.1499,0.008,0.0701,
Deanza,O,5/17/18,Q5,C. Spinosum,24,8.6,8,0.0885,0.0198,0.0447,Recorded weights twice for #24
Deanza,O,5/17/18,Q5,C. Spinosum,25,9.5,10.1,0.1378,0.0088,0.0586,
Deanza,O,5/17/18,Q5,C. Spinosum,26,11.5,12.1,0.1752,0.0106,0.076,
Deanza,O,5/17/18,Q5,C. Spinosum,27,7.1,8.1,0.0633,0.0042,0.0366,
Deanza,O,5/17/18,Q5,Adula,28,19.8,10.3,0.4769,0.0238,0.2446,
Deanza,O,5/17/18,Q5,Adula,29,16.3,8.8,0.2765,0.0076,0.1727,
Deanza,O,5/17/18,Q5,Adula,30,18.4,9.9,0.4838,0.0318,0.2118,
Deanza,O,5/17/18,Q5,Adula,31,13.8,6.7,0.1483,0.0066,0.0814,
Deanza,O,5/17/18,Q5,Adula,32,23,10.8,0.6189,0.023,0.3061,
Deanza,O,5/17/18,Q5,Adula,33,17.7,9.3,0.434,0.0199,0.2065,
Deanza,O,5/17/18,Q5,Adula,34,20.2,10.2,0.567,0.0294,0.2471,
Deanza,O,5/17/18,Q5,Adula,35,18.1,9.3,0.3946,0.0205,0.1958,
Deanza,O,5/17/18,Q5,Adula,36,15.8,8.4,0.2899,0.0133,0.1366,
Deanza,O,5/17/18,Q5,Adula,37,15.1,9.4,0.2774,0.009,0.1559,
Deanza,O,5/17/18,Q5,Adula,38,16.3,8.1,0.235,0.0076,0.1398,
Deanza,O,5/17/18,Q5,Adula,39,18.4,10.4,0.4053,0.0192,0.2062,
Deanza,O,5/17/18,Q5,Adula,40,18.3,11.2,0.2735,0.0111,0.1406,
Deanza,O,5/17/18,Q5,Adula,41,18.1,9.2,0.4817,0.0229,0.2199,
Deanza,O,5/17/18,Q5,Adula,42,11.1,9.5,0.3299,0.0126,0.161,
Deanza,O,5/17/18,Q5,Adula,43,11.7,6.8,0.0758,0.0018,0.0476,Fell in wax
Deanza,O,5/17/18,Q5,Adula,44,18.2,7.2,0.1668,0.0037,0.094,
Deanza,O,5/17/18,Q5,Adula,45,16.5,9.2,0.2902,0.0162,0.1612,
Deanza,O,5/17/18,Q5,Adula,46,14.4,8.3,0.2263,0.0082,0.1226,
Deanza,O,5/17/18,Q5,Adula,47,9.8,5.1,0.0392,0.0009,0.0261,
Deanza,O,5/17/18,Q5,Adula,48,14.6,8.9,0.2186,0.0076,0.1085,
Deanza,O,5/17/18,Q5,Adula,49,13.3,7.4,0.1898,0.0096,0.0799,
Deanza,O,5/17/18,Q5,Adula,50,11.6,6.2,0.1445,0.0053,0.0683,
Deanza,O,5/17/18,Q5,Adula,51,11.7,6.2,0.0748,0.0032,0.0464,
Deanza,O,5/17/18,Q5,Adula,52,10.3,6.1,0.0971,0.0021,0.0438,
Deanza,O,5/17/18,Q5,Adula,53,6.6,4.1,0.0275,0.0003,0.0154,
Deanza,O,5/17/18,Q5,Musculista,54,17.1,8.8,0.2142,0.1342,0.0137,
Deanza,O,5/17/18,Q5,Musculista,55,20.8,8.1,0.18,0.0175,0.1224,
Deanza,O,5/17/18,Q5,Musculista,56,14.9,7.2,0.11,0.0104,0.0735,
Deanza,O,5/17/18,Q5,Musculista,57,20.2,11.9,0.48,0.0291,0.2491,
Deanza,O,5/17/18,Q5,Musculista,58,19.5,10.1,0.2966,0.0134,0.1662,
Deanza,O,5/17/18,Q5,Musculista,59,18.1,10.2,0.2933,0.022,0.1586,
Deanza,O,5/17/18,Q5,Musculista,60,15.5,8.3,0.2196,0.0195,0.1182,
Deanza,O,5/17/18,Q5,Musculista,61,16.2,9.6,0.22,0.0196,0.1328,
Deanza,O,5/17/18,Q5,Musculista,62,18.3,9.4,0.35,0.029,0.1849,
Deanza,O,5/17/18,Q5,Musculista,63,14.7,8.9,0.2075,0.0135,0.1191,
Deanza,O,5/17/18,Q5,Musculista,64,14.4,8.7,0.15,0.0161,0.0882,
Deanza,O,5/17/18,Q5,Musculista,65,10.5,6.7,0.0608,0.0059,0.0458,
Deanza,O,5/17/18,Q5,Musculista,66,19.5,11.6,0.3967,0.0336,0.1848,
Deanza,O,5/17/18,Q5,Musculista,67,15.8,7.3,0.21,0.0192,0.1058,
Deanza,O,5/17/18,Q5,Musculista,68,17.6,9.2,0.2837,0.0128,0.1598,
Deanza,O,5/17/18,Q5,Musculista,69,15.1,8.3,0.2127,0.0148,0.1034,
Deanza,O,5/17/18,Q5,Musculista,70,14.2,7.3,0.1862,0.0204,0.0838,
Deanza,O,5/17/18,Q5,Musculista,71,22.6,12.7,0.59,0.0601,0.2526,
Deanza,O,5/17/18,Q5,Musculista,72,14.7,7.9,0.1451,0.007,0.0745,
Deanza,O,5/17/18,Q5,Musculista,73,14.3,7.7,0.1718,0.0146,0.0774,
Deanza,O,5/17/18,Q5,Musculista,74,16.4,9.1,0.2229,0.0157,0.1297,
Deanza,O,5/17/18,Q5,Musculista,75,17.7,9.5,0.329,0.0245,0.1604,
Deanza,O,5/17/18,Q5,Musculista,76,14.6,7.1,0.146,0.0092,0.0715,
Deanza,O,5/17/18,Q5,Musculista,77,17.1,8.3,0.2777,0.0206,0.1228,
Deanza,O,5/17/18,Q5,Musculista,78,18.3,9.3,0.4097,0.038,0.1937,
Deanza,O,5/17/18,Q5,Musculista,79,15.8,8.1,0.2818,0.0225,0.1347,
Deanza,O,5/17/18,Q5,Musculista,80,19.5,9.7,0.4305,0.0384,0.1937,
Deanza,O,5/17/18,Q5,Musculista,81,16.9,8.3,0.2024,0.0148,0.1054,
Deanza,O,5/17/18,Q5,Musculista,82,13.1,7.7,0.141,0.0123,0.0884,
Deanza,O,5/17/18,Q5,Musculista,83,20.5,10.2,0.56,0.0616,0.2553,
Deanza,O,5/17/18,Q5,Musculista,84,16.2,8.2,0.2369,0.0161,0.1226,
Deanza,O,5/17/18,Q5,Musculista,85,15,8.6,0.2079,0.0131,0.1151,
Deanza,O,5/17/18,Q5,Musculista,86,14,8.3,0.14,0.0192,0.0795,
Deanza,O,5/17/18,Q5,Musculista,87,16.1,9.5,0.2657,0.0183,0.1457,
Deanza,O,5/17/18,Q5,Musculista,88,15.7,8.1,0.13,0.0108,0.0966,
Deanza,O,5/17/18,Q5,Musculista,89,20.9,11.7,0.5781,0.058,-0.0227,
Deanza,O,5/17/18,Q5,Musculista,90,18.5,9.2,0.2682,0.0112,0.1564,
Deanza,O,5/17/18,Q5,Musculista,91,17.7,9.6,0.164,0.0079,0.1071,
Deanza,O,5/17/18,Q5,Musculista,92,18.3,9.5,0.2,0.0132,0.1521,
Deanza,O,5/17/18,Q5,Musculista,93,20.2,10.4,0.4572,0.0332,0.2309,
Deanza,O,5/17/18,Q5,Musculista,94,12.2,6.3,0.0882,0.0082,0.0437,
Deanza,O,5/17/18,Q5,Musculista,95,14.6,6.4,0.1524,0.0088,0.0789,
Deanza,O,5/17/18,Q5,Musculista,96,18.3,10.4,0.4,0.0309,0.2219,
Deanza,O,5/17/18,Q5,Musculista,97,15.1,18.9,0.2465,0.0202,0.1057,
Deanza,O,5/17/18,Q5,Musculista,98,13.4,8.2,0.1365,-0.0043,0.0703,
Deanza,O,5/17/18,Q5,Musculista,99,16.3,9.7,0.2806,0.0144,0.1661,
Deanza,O,5/17/18,Q5,Musculista,100,19.3,10,0.4108,-0.0016,0.2203,
Deanza,O,5/17/18,Q5,Musculista,101,12.9,7.4,0.1111,0.0056,0.0605,
Deanza,O,5/17/18,Q5,Musculista,102,11,6.3,0.1,0.0125,0.0729,
Deanza,O,5/17/18,Q5,Musculista,103,15.6,8.4,0.1909,0.0013,0.1075,
Deanza,O,5/17/18,Q5,Musculista,104,12.4,7.5,0.2061,0.0087,0.0547,
Deanza,O,5/17/18,Q5,Musculista,105,16.3,9.9,0.247,0.0189,0.1268,
Deanza,O,5/17/18,Q5,Musculista,106,16.2,9.7,0.2277,0.0115,0.1287,
Deanza,O,5/17/18,Q5,Musculista,107,14.3,7.3,0.1486,0.0111,0.0798,
Deanza,O,5/17/18,Q5,Musculista,108,12.5,7.3,0.1125,0.0085,0.0562,
Deanza,O,5/17/18,Q5,Musculista,109,19.9,9.5,0.3347,0.0217,0.1826,
Deanza,O,5/17/18,Q5,Musculista,110,19.4,11.6,0.3344,0.0195,0.2053,
Deanza,O,5/17/18,Q5,Musculista,111,10.4,6.4,0.0748,0.0054,0.0372,
Deanza,O,5/17/18,Q5,Musculista,112,17.3,9.4,0.3623,0.0263,0.1694,
Deanza,O,5/17/18,Q5,Musculista,113,14.4,8.5,0.2238,0.0225,0.0914,
Deanza,O,5/17/18,Q5,Musculista,114,15.1,8.7,0.2377,0.0082,0.098,
Deanza,O,5/17/18,Q5,Musculista,115,13.3,6.5,0.1158,0.0088,0.0581,
Deanza,O,5/17/18,Q5,Musculista,116,15.3,8.2,0.2071,0.0156,0.1182,
Deanza,O,5/17/18,Q5,Musculista,117,12.6,6.3,0.0783,0.0042,0.0458,
Deanza,O,5/17/18,Q5,Musculista,118,13.3,7.3,0.1082,0.0067,0.0595,
Deanza,O,5/17/18,Q5,Musculista,119,14.6,7.3,0.0767,-0.0063,0.0552,
Deanza,O,5/17/18,Q5,Musculista,120,12.1,6.4,0.0698,0.0027,0.0484,
Deanza,O,5/17/18,Q5,Musculista,121,13.1,7.9,0.1366,0.0073,0.056,
Deanza,O,5/17/18,Q5,Musculista,122,12.4,7.1,0.1231,0.0009,0.052,
Deanza,O,5/17/18,Q5,Musculista,123,16.2,9.5,0.2579,0.0085,0.131,
Deanza,O,5/17/18,Q5,Musculista,124,12.1,7.5,0.1375,0.0068,0.0838,
Deanza,O,5/17/18,Q5,Musculista,125,15.1,8.2,0.2289,0.0195,0.1085,
Deanza,O,5/17/18,Q5,Musculista,126,12.1,6.4,0.0803,0.0055,0.0468,
Deanza,O,5/17/18,Q5,Musculista,127,16.1,9.5,0.171,0.0048,0.1332,
Deanza,O,5/17/18,Q5,Musculista,128,17.2,9.8,0.3594,0.0313,0.1686,
Deanza,O,5/17/18,Q5,Musculista,129,12.2,6.3,0.0914,0.0085,0.0564,
Deanza,O,5/17/18,Q5,Musculista,130,14.9,8.6,0.1833,0.0132,0.0783,
Deanza,O,5/17/18,Q5,Musculista,131,11.6,6.8,0.065,0.0037,0.0505,
Deanza,O,5/17/18,Q5,Musculista,132,14.5,8.6,0.1614,0.0026,0.0802,
Deanza,O,5/17/18,Q5,Musculista,133,11.4,6.6,0.0725,-0.0012,0.0342,
Deanza,O,5/17/18,Q5,Musculista,134,12.2,6.3,0.0977,-0.0036,0.0652,
Deanza,O,5/17/18,Q5,Musculista,135,18.1,9.2,0.3406,0.0269,0.1541,
Deanza,O,5/17/18,Q5,Musculista,136,14.2,8.8,0.1867,0.0051,0.0833,
Deanza,O,5/17/18,Q5,Musculista,137,20.5,10.2,0.538,0.0478,0.2231,
Deanza,O,5/17/18,Q5,Musculista,138,21.4,11.3,0.5527,0.0434,0.2327,
Deanza,O,5/17/18,Q5,Musculista,139,15.5,8.3,0.214,0.0105,0.094,
Deanza,O,5/17/18,Q5,Musculista,140,12.4,6.4,0.1202,0.0075,0.0652,
Deanza,O,5/17/18,Q5,Musculista,141,12.4,6.2,0.1204,0.0038,0.0617,
Deanza,O,5/17/18,Q5,Musculista,142,11.3,6.2,0.0672,0.0027,0.0423,
Deanza,O,5/17/18,Q5,Musculista,143,18.1,9.2,0.2733,0.0074,0.1687,
Deanza,O,5/17/18,Q5,Musculista,144,17.7,9.9,0.3149,0.0223,0.1367,
Deanza,O,5/17/18,Q5,Musculista,145,12.5,6.2,0.0865,-0.0055,0.0535,
Deanza,O,5/17/18,Q5,Musculista,146,17.2,9.4,0.2923,0.0273,0.126,
Deanza,O,5/17/18,Q5,Musculista,147,12.3,7.7,0.1088,0.0003,0.0487,
Deanza,O,5/17/18,Q5,Musculista,148,14.2,7.3,0.2056,0.0157,0.0876,
Deanza,O,5/17/18,Q5,Musculista,149,9.4,5.4,0.0552,0.0038,0.031,
Deanza,O,5/17/18,Q5,Musculista,150,12.6,7,0.0762,0.004,0.0589,
Deanza,O,5/17/18,Q5,Musculista,151,9.4,5,0.0419,-0.0111,0.0219,
Deanza,O,5/17/18,Q5,Musculista,152,14.1,7.4,0.1488,0.0155,0.085,
Deanza,O,5/17/18,Q5,Musculista,153,13.1,6.9,0.1038,0.002,0.057,
Deanza,O,5/17/18,Q5,Musculista,154,10.1,6,0.0321,0.0014,0.0277,Shell cracked
Deanza,O,5/17/18,Q5,Musculista,155,14.1,7,0.1009,-0.0044,0.0636,
Deanza,O,5/17/18,Q5,Musculista,156,12.3,6.5,0.0669,-0.0062,0.0521,
Deanza,O,5/17/18,Q5,Musculista,157,16.3,8.5,0.2306,0.0189,0.1471,
Deanza,O,5/17/18,Q5,Musculista,158,13.4,7,0.1038,0.002,0.0716,
Deanza,O,5/17/18,Q5,Musculista,159,11.2,5.9,0.0573,-0.0006,0.0254,Shell broken
Deanza,O,5/17/18,Q5,Musculista,160,12,6.5,0.0743,-0.003,0.0451,
Deanza,O,5/17/18,Q5,Musculista,161,13.2,7.3,0.1052,0.0039,0.0689,
Deanza,O,5/17/18,Q5,Musculista,162,10.9,6.1,0.0681,-0.0045,0.0377,
Deanza,O,5/17/18,Q5,Musculista,163,15.8,8.5,0.1854,0.0123,0.1086,
Deanza,O,5/17/18,Q5,Musculista,164,11.5,6.4,0.0643,-0.0021,0.0307,
Deanza,O,5/17/18,Q5,Musculista,165,13.9,7.4,0.1216,0.0038,0.0675,
Deanza,O,5/17/18,Q5,Musculista,166,14.9,8.3,0.1095,-1.1361,0.1062,No tissue
Deanza,O,5/17/18,Q5,Musculista,167,14.2,7.7,0.1281,0.01,0.0845,
Deanza,O,5/17/18,Q5,Musculista,168,11.1,5.9,0.0941,-0.0033,0.0551,
Deanza,O,5/17/18,Q5,Musculista,169,13,6.7,0.0789,0.0105,0.0535,
Deanza,O,5/17/18,Q5,Musculista,170,11.1,6.9,0.0624,0.0015,0.0491,
Deanza,O,5/17/18,Q5,Musculista,171,12.4,6.9,0.0844,0.0038,0.0565,
Deanza,O,5/17/18,Q5,Musculista,172,10.6,5.9,0.0522,0.0034,0.0364,
Deanza,O,5/17/18,Q5,Musculista,173,9.9,5.1,0.0408,0.0008,0.0326,
Deanza,O,5/17/18,Q5,Musculista,174,10.7,6.1,0.0494,-0.0002,0.0341,Shells detached while measuring length/width
Deanza,O,5/17/18,Q5,Musculista,175,12.7,7.5,0.1117,0.0067,0.0645,
Deanza,O,5/17/18,Q5,Musculista,176,10.7,6,0.0666,0.0045,0.0392,
Deanza,O,5/17/18,Q5,Musculista,177,11.9,6.4,0.0676,-0.0024,0.0393,
Deanza,O,5/17/18,Q5,Musculista,178,15.3,8.4,0.1518,0.0117,0.0993,
Deanza,O,5/17/18,Q5,Musculista,179,12.8,6.6,0.0942,0.0065,0.0594,
Deanza,O,5/17/18,Q5,Musculista,180,10.8,6,0.0549,0.004,0.04,
Deanza,O,5/17/18,Q5,Musculista,181,10.4,5.9,0.0469,-0.0016,0.0349,
Deanza,O,5/17/18,Q5,Musculista,182,12.6,6.9,0.0945,0.0065,0.0639,
Deanza,O,5/17/18,Q5,Musculista,183,13.9,7.3,0.1266,-0.0005,0.0754,
Deanza,O,5/17/18,Q5,Musculista,184,11.5,6.2,0.0743,0.0056,0.0536,
Deanza,O,5/17/18,Q5,Musculista,185,10.1,5.7,0.0383,-0.0088,0.0314,
Deanza,O,5/17/18,Q5,Musculista,186,12.8,7.1,0.0885,0.0082,0.0525,
Deanza,O,5/17/18,Q5,Musculista,187,8.7,5,0.0255,-0.0085,0.0228,
Deanza,O,5/17/18,Q5,Musculista,188,15.6,8.6,0.1599,0.0105,0.1034,
Deanza,O,5/17/18,Q5,Musculista,189,12.4,7,0.0995,0.0069,0.0656,
Deanza,O,5/17/18,Q1,O. lurida,9,40.3,31.8,4.6011,0.1785,3.4631,
Deanza,O,5/17/18,Q1,O. lurida,10,36.2,23.7,2.2761,0.122,1.6827,
Deanza,O,5/17/18,Q1,O. lurida,11,40.5,27.9,5.1213,0.1537,3.9021,
Deanza,O,5/17/18,Q1,O. lurida,12,32.3,34,3.9582,0.1755,2.8731,
Deanza,O,5/17/18,Q1,O. lurida,13,27.7,23.8,2.9284,0.1202,2.1547,
Deanza,O,5/17/18,Q1,O. lurida,14,33.4,24.5,2.5253,0.089,2.0081,
Deanza,O,5/17/18,Q1,O. lurida,15,23,32.3,2.7444,0.0962,2.1144,
Deanza,O,5/17/18,Q1,O. lurida,16,37,24.7,3.091,0.1702,2.3999,
Deanza,O,5/17/18,Q1,O. lurida,17,49.3,29.5,5.2248,0.0631,4.198,
Deanza,O,5/17/18,Q1,O. lurida,18,43.9,28.5,5.0203,0.0644,4.3078,
Deanza,O,5/17/18,Q1,O. lurida,19,36.4,17.4,1.6448,0.1156,1.0749,Shell shattered
Deanza,O,5/17/18,Q1,O. lurida,20,25.1,22.3,0.8036,0.0359,0.6119,
Deanza,O,5/17/18,Q1,O. lurida,21,27,18.2,0.6833,0.021,0.5526,Shell shattered
Deanza,O,5/17/18,Q3,O. lurida,22,30.5,28.2,2.6494,0.1064,1.9025,
Deanza,O,5/17/18,Q3,O. lurida,23,44.6,32,4.6983,0.2313,3.7637,
Deanza,O,5/17/18,Q3,O. lurida,24,28.3,22.9,1.838,0.1453,1.2738,Very brittle shell
Deanza,O,5/17/18,Q3,O. lurida,25,22.9,13.7,0.7509,0.046,0.5103,Missing part of shell
Deanza,O,5/17/18,Q3,O. lurida,26,41.7,26.4,5.2844,0.2884,3.829,
Deanza,O,5/17/18,Q2,O. lurida,27,46.5,26.6,4.7681,0.1398,3.6845,
Deanza,O,5/17/18,Q2,O. lurida,28,28.2,37.6,2.7502,0.1125,1.8627,
Deanza,O,5/17/18,Q2,O. lurida,29,51.4,28.7,6.8065,0.2051,5.0694,1 shell very brittle
Deanza,O,5/17/18,Q2,O. lurida,30,34.4,26.1,2.3483,0.1009,1.6298,
Deanza,O,5/17/18,Q2,O. lurida,31,25.6,20.8,1.0112,0.0514,0.7915,
Deanza,O,5/17/18,Q2,O. lurida,32,26.6,31.8,2.1147,0.0406,1.7633,
Deanza,O,5/17/18,Q2,O. lurida,33,38.2,21.3,2.8806,0.1028,2.1675,
Deanza,O,5/17/18,Q2,O. lurida,34,31.5,14,2.4568,0.0654,1.8899,
Deanza,O,5/17/18,Q2,O. lurida,35,38.2,23.4,2.8618,0.0351,2.5226,
Deanza,O,5/17/18,Q2,O. lurida,36,22.8,19.6,1.2197,0.0659,0.8488,Missing 1 shell
Deanza,O,5/17/18,Q5,O. lurida,42,22.2,12.5,0.2865,-0.0371,0.2213,Missing 1 shell
Deanza,O,5/17/18,Q5,O. lurida,43,21.1,14.2,0.5507,0.018,0.4064,Shattered shell
Deanza,O,5/17/18,Q5,O. lurida,44,17.5,10.7,0.1592,0.0077,0.1186,
Deanza,O,5/17/18,Q5,O. lurida,45,29.6,22.2,0,0.0786,0,Couldn't remove attached shell
Deanza,O,5/17/18,Q5,O. lurida,46,24.1,19.3,1.7403,0.0715,1.3528,
Deanza,O,5/17/18,Q5,O. lurida,47,29.6,21.1,2.2926,0.0752,1.8172,
Deanza,O,5/17/18,Q5,O. lurida,48,27.2,24.2,2.8395,0.1027,2.2709,
Deanza,O,5/17/18,Q5,O. lurida,49,26.2,19.5,1.3722,0.03,1.1247,
Deanza,O,5/17/18,Q5,O. lurida,50,26.9,21.2,2.2175,0.0573,1.7668,
Deanza,O,5/17/18,Q5,O. lurida,51,35.1,39.7,0,1.2759,5.2455,
Deanza,O,5/17/18,Q5,O. lurida,52,33.1,27.7,2.7048,0.1333,1.908,
Deanza,O,5/17/18,Q5,O. lurida,53,29.2,23.3,2.8361,0.0636,2.3368,
Deanza,O,5/17/18,Q5,O. lurida,54,28.3,23.7,1.6292,0.065,1.2275,
Deanza,O,5/17/18,Q5,O. lurida,55,36.4,27.2,5.376,0.1328,4.2727,
Deanza,O,5/17/18,Q7,O. lurida,56,34.1,19.3,2.2281,0.1019,1.1558,
Deanza,O,5/17/18,Q7,O. lurida,57,27.2,15.6,1.0163,0.0277,0.676,
Deanza,O,5/17/18,Q7,O. lurida,58,30.5,17.2,0.4334,0.0422,0.9028,
Deanza,O,5/17/18,Q7,O. lurida,59,29.8,17.5,1.5813,0.0511,0.9267,
Deanza,O,5/17/18,Q7,O. lurida,61,11.5,9.1,0.1274,0.0072,0.0669,
Deanza,O,5/17/18,Q7,O. lurida,62,11,8.8,0.1192,0.008,0.0637,
Deanza,O,5/17/18,Q7,O. lurida,63,7.4,6.3,0.049,0.0026,0.029,
Deanza,O,5/17/18,Q7,O. lurida,64,11,9.7,0.1413,0.0083,0.0713,
Deanza,O,5/17/18,Q7,O. lurida,65,11,9,0.1035,0.0052,0.0516,
Deanza,O,5/17/18,Q7,O. lurida,66,11.8,9.5,0.1136,0.0076,0.0624,
Deanza,O,5/17/18,Q7,O. lurida,67,12.1,10.6,0.2501,0.0139,0.1283,
Deanza,O,5/17/18,Q7,O. lurida,68,15.7,13.6,0.5418,0.0337,0.2428,
Deanza,O,5/17/18,Q7,O. lurida,69,16.5,13.6,0.543,0.0307,0.3018,
Deanza,O,5/17/18,Q7,O. lurida,70,17.7,9.2,0.3236,0.0131,0.1755,
Deanza,O,5/17/18,Q7,O. lurida,71,19.8,9.6,0.4258,0.0136,0.235,
Deanza,O,5/17/18,Q7,O. lurida,72,15.7,7.8,0.2338,0.0103,0.1218,
Deanza,O,5/17/18,Q7,O. lurida,73,16.4,8.4,0.2302,0.0089,0.1448,
Deanza,O,5/17/18,Q7,O. lurida,74,16.9,8.5,0.2384,0.0107,0.138,
Deanza,O,5/17/18,Q7,O. lurida,75,12,6.4,0.1019,0.0047,0.0615,
Deanza,O,5/17/18,Q7,O. lurida,76,12.1,6,0.1012,0.0047,0.0597,
Deanza,O,5/17/18,Q7,O. lurida,77,18.7,9.2,0.3068,0.0092,0.1737,
Deanza,O,5/17/18,Q7,O. lurida,78,15,8,0.2157,0.0101,0.1312,
Deanza,O,5/17/18,Q7,O. lurida,79,18.8,9.5,0.267,0.0062,0.159,
Deanza,O,5/17/18,Q7,O. lurida,80,19,9.3,0.427,0.0222,0.2396,
Deanza,O,5/17/18,Q7,O. lurida,81,16.6,8,0.2207,0.0075,0.1357,
Deanza,O,5/17/18,Q7,O. lurida,82,16.2,8.1,0.1947,0.0074,0.1172,
Deanza,O,5/17/18,Q7,O. lurida,83,16.1,8.5,0.2059,0.012,0.1114,
Deanza,O,5/17/18,Q7,O. lurida,84,21.8,10.4,0.5537,0.0273,0.2832,
Deanza,O,5/17/18,Q7,O. lurida,85,46.3,21.9,3.548,0.1345,2.5761,
Deanza,O,5/17/18,Q7,O. lurida,86,19.4,20.7,0,0.0331,3.5003,Couldn't remove from attached shell
Deanza,O,5/17/18,Q7,O. lurida,87,21.6,20.3,1.6967,0.0614,1.2873,
Deanza,O,5/17/18,Q7,O. lurida,88,15.8,13.5,0.421,0.3049,0.3974,
Deanza,O,5/17/18,Q7,O. lurida,89,25.9,22.1,1.6328,0.0712,1.2642,
Deanza,O,5/17/18,Q7,O. lurida,90,29.3,23.7,2.2257,0.0502,1.8118,
Deanza,O,5/17/18,Q7,O. lurida,91,23.8,15.7,0.768,0.0273,0.5368,
Deanza,O,5/17/18,Q7,O. lurida,92,29.2,26.9,2.6238,0.0963,2.0416,
Deanza,O,5/17/18,Q7,O. lurida,93,36.7,25.4,2.1113,0.0681,1.7293,
Deanza,O,5/17/18,Q7,O. lurida,94,37.6,23,4.0368,0.1444,2.9979,
Deanza,O,5/17/18,Q7,O. lurida,95,20.3,17.3,0.6932,0.0219,0.5594,
Deanza,O,5/17/18,Q7,O. lurida,96,20.4,17.7,0.867,0.026,0.722,
Deanza,O,5/17/18,Q7,O. lurida,97,31.5,21.6,2.2032,0.065,1.7012,
Deanza,O,5/17/18,Q7,O. lurida,98,34.1,29.7,4.4042,0.0681,3.7989,
Deanza,O,5/17/18,Q7,O. lurida,99,30.3,28,3.5125,0.0942,2.9157,
Deanza,O,5/17/18,Q7,O. lurida,100,37.1,21.9,3.3077,0.141,2.4414,
Deanza,O,5/17/18,Q7,O. lurida,101,38,25.1,2.1493,0.0794,1.579,
Deanza,O,5/17/18,Q7,O. lurida,102,35.3,19.5,2.161,0.0703,1.6685,
Deanza,O,5/17/18,Q7,O. lurida,103,25.1,19.2,1.5627,0.0641,1.193,
Deanza,O,5/17/18,Q7,Musculista,1,18.9,9.8,0.366,0.0192,0.1887,
Deanza,O,5/17/18,Q7,Musculista,2,17.7,9,0.3205,0.023,0.138,
Deanza,O,5/17/18,Q7,Musculista,3,13.5,7.4,0.1331,0.0093,0.074,
Deanza,O,5/17/18,Q7,Musculista,4,15.8,8.6,0.2708,0.0169,0.1338,
Deanza,O,5/17/18,Q7,Musculista,5,18.8,9.3,0.4249,0.0306,0.1869,
Deanza,O,5/17/18,Q7,Musculista,6,18,9.3,0.2544,0.0132,0.1386,
Deanza,O,5/17/18,Q7,Musculista,7,15.6,8.5,0.1005,-1.1264,0.0992,No tissue
Deanza,O,5/17/18,Q7,Musculista,8,15.5,8.7,0.2404,0.0138,0.1176,
Deanza,O,5/17/18,Q7,Musculista,9,14.5,8.1,0.1923,0.0128,0.0774,
Deanza,O,5/17/18,Q7,Musculista,10,21.8,11.5,0.6385,0.0364,0.2648,
Deanza,O,5/17/18,Q7,Musculista,11,14.4,7.7,0.1819,0.01,0.0928,
Deanza,O,5/17/18,Q7,Musculista,12,14.4,7.7,0.1608,0.0117,0.0894,
Deanza,O,5/17/18,Q7,Musculista,13,12.5,6.7,0.1073,0.0084,0.0585,
Deanza,O,5/17/18,Q7,Musculista,14,18.1,9.4,0.3507,0.0144,0.1811,
Deanza,O,5/17/18,Q7,Musculista,15,11.7,6.4,0.0835,0.0016,0.0559,
Deanza,O,5/17/18,Q7,Musculista,16,15.8,8.1,0.1922,0.0133,0.0994,
Deanza,O,5/17/18,Q7,Musculista,17,15.1,7.9,0.1756,0.013,0.0873,
Deanza,O,5/17/18,Q7,Musculista,18,14.9,8.1,0.1899,0.0134,0.1132,
Deanza,O,5/17/18,Q7,Musculista,19,10,5.8,0.057,0.004,0.0367,
Deanza,O,5/17/18,Q7,Musculista,20,11.6,6.3,0.0777,0.0029,0.048,
Deanza,O,5/17/18,Q7,Musculista,21,14.9,8.2,0.1941,0.0115,0.1111,
Deanza,O,5/17/18,Q7,Musculista,22,14.8,8.5,0.2413,0.0141,0.1112,
Deanza,O,5/17/18,Q7,Musculista,23,15.5,8.3,0.185,0.013,0.0969,
Deanza,O,5/17/18,Q7,Musculista,24,11.3,6.2,0.0615,0.0037,0.036,
Deanza,O,5/17/18,Q7,Musculista,25,27.4,13.4,1.0463,0.0663,0.4751,
Deanza,O,5/17/18,Q7,Musculista,26,12.7,6.8,0.0917,0.0041,0.054,
Deanza,O,5/17/18,Q7,Musculista,27,22.7,12.4,0.4168,0.0179,0.2454,
Deanza,O,5/17/18,Q7,Musculista,28,15.3,7.8,0.1795,0.0093,0.0912,
Deanza,O,5/17/18,Q7,Musculista,29,11.8,6.3,0.0787,0.0047,0.0459,
Deanza,O,5/17/18,Q7,Musculista,30,16.5,8.8,0.2367,0.0117,0.1183,
Deanza,O,5/17/18,Q7,Musculista,31,19.2,10.4,0.3656,0.0194,0.1933,
Deanza,O,5/17/18,Q7,Musculista,32,12.4,7,0.0718,0.0016,0.057,
Deanza,O,5/17/18,Q7,Musculista,33,19,9.7,0.4179,0.0376,0.1825,
Deanza,O,5/17/18,Q7,Musculista,34,17.3,8.8,0.2937,0.0229,0.1262,
Deanza,O,5/17/18,Q7,Musculista,35,12.9,6.8,0.0661,0.0023,0.0559,
Deanza,O,5/17/18,Q7,Musculista,36,19.7,10.4,0.4356,0.0417,0.1774,
Deanza,O,5/17/18,Q7,Musculista,37,13.5,7,0.1289,0.006,0.0736,
Deanza,O,5/17/18,Q7,Musculista,38,19,9.8,0.3874,0.025,0.1856,
Deanza,O,5/17/18,Q7,Musculista,39,19.5,10.2,0.4495,0.0369,0.1766,
Deanza,O,5/17/18,Q7,Musculista,40,11.2,6,0.0608,0.0023,0.0396,
Deanza,O,5/17/18,Q7,Musculista,41,21.7,11,0.6289,0.0507,0.2546,
Deanza,O,5/17/18,Q7,Musculista,42,9.9,5.3,0.0433,0.002,0.0286,
Deanza,O,5/17/18,Q7,Musculista,43,10.4,6.1,0.0595,0.0029,0.0327,
Deanza,O,5/17/18,Q7,Musculista,44,11.4,6.1,0.0739,0.0061,0.0455,
Deanza,O,5/17/18,Q7,Musculista,45,12.9,7,0.1031,0.0069,0.0549,
Deanza,O,5/17/18,Q7,Musculista,46,14.7,8,0.1756,0.0105,0.0855,
Deanza,O,5/17/18,Q7,Musculista,47,15.7,8.3,0.1273,0.0157,0.1201,
Deanza,O,5/17/18,Q7,Musculista,48,15.6,8.3,0.2057,0.0092,0.0819,
Deanza,O,5/17/18,Q7,Musculista,49,11.9,6.3,0.0876,0.0059,0.0494,
Deanza,O,5/17/18,Q7,Musculista,50,13.5,7.3,0.118,0.0106,0.0604,
Deanza,O,5/17/18,Q7,Musculista,51,17.4,9.3,0.483,0.0432,0.167,
Deanza,O,5/17/18,Q7,Musculista,52,15.6,8,0.1938,0.0104,0.1076,
Deanza,O,5/17/18,Q7,Musculista,53,17.5,9.2,0.345,0.0273,0.1565,
Deanza,O,5/17/18,Q7,Musculista,54,12.6,7.3,0.1499,0.0074,0.0704,
Deanza,O,5/17/18,Q7,Musculista,55,13.2,7,0.1199,0.0034,0.0766,
Deanza,O,5/17/18,Q7,Musculista,56,19.7,9.8,0.4171,0.0377,0.1717,
Deanza,O,5/17/18,Q7,Musculista,57,13.5,7.4,0.1101,0.0029,0.0668,
Deanza,O,5/17/18,Q7,Musculista,58,19.8,10.7,0.4533,0.0299,0.2108,
Deanza,O,5/17/18,Q7,Musculista,59,11.3,6,0.0692,0.0021,0.0424,
Deanza,O,5/17/18,Q7,Musculista,60,16.7,8.7,0.2446,0.0172,0.1392,
Deanza,O,5/17/18,Q7,Musculista,61,15.4,8,0.2187,0.0034,0.1144,
Deanza,O,5/17/18,Q7,Musculista,62,15.9,9,0.1922,0.0081,0.1071,
Deanza,O,5/17/18,Q7,Musculista,63,18.4,9.6,0.3928,0.0307,0.1645,
Deanza,O,5/17/18,Q7,Musculista,64,20,10.5,0.4138,0.0305,0.2069,
Deanza,O,5/17/18,Q7,Musculista,65,14.5,8.1,0.2072,0.0174,0.0918,
Deanza,O,5/17/18,Q7,Musculista,66,15.9,8.8,0.2118,0.0211,0.119,
Deanza,O,5/17/18,Q7,Musculista,67,15.3,8.5,0.1702,0.1149,0.0052,
Deanza,O,5/17/18,Q7,Musculista,68,11.9,6.6,0.0925,0.007,0.0455,
Deanza,O,5/17/18,Q7,Musculista,69,10.6,6,0.0714,0.0033,0.0369,
Deanza,O,5/17/18,Q7,Musculista,70,20.9,10.8,0.5361,0.0493,0.2156,
Deanza,O,5/17/18,Q7,Musculista,71,15.3,8.4,0.2108,0.0149,0.0968,
Deanza,O,5/17/18,Q7,Musculista,72,15.6,8.5,0.2256,0.0156,0.1195,
Deanza,O,5/17/18,Q7,Musculista,73,14.3,7.7,0.1947,0.0141,0.0818,
Deanza,O,5/17/18,Q7,Musculista,74,13.6,7.5,0.133,0.0088,0.0777,
Deanza,O,5/17/18,Q7,Musculista,75,17.4,9.2,0.2926,0.0134,0.1536,
Deanza,O,5/17/18,Q7,Musculista,76,20,10.3,0.4575,0.035,0.2022,
Deanza,O,5/17/18,Q7,Musculista,77,13.3,7.5,0.138,0.0104,0.0669,
Deanza,O,5/17/18,Q7,Musculista,78,11.4,6.9,0.0539,0.007,0.039,
Deanza,O,5/17/18,Q7,Musculista,79,11.5,6.5,0.0632,0.0029,0.0357,
Deanza,O,5/17/18,Q7,Musculista,80,13.7,7.3,0.1435,0.0068,0.0855,
Deanza,O,5/17/18,Q7,Musculista,81,10.7,5.9,0.0814,0.0047,0.0391,
Deanza,O,5/17/18,Q10,Mytilus,1,29.1,19.2,1.6477,0.0672,0.8847,
Deanza,O,5/17/18,Q10,Mytilus,2,29.8,16.9,1.6201,0.073,0.9809,
Deanza,O,5/17/18,Q10,Mytilus,3,24.7,15.1,1.0951,0.0278,0.6518,
Deanza,O,5/17/18,Q10,Mytilus,4,25.8,16.6,1.1373,0.0324,0.7237,
Deanza,O,5/17/18,Q10,Adula,5,19.6,10.2,0.5281,0.0338,0.2541,
Deanza,O,5/17/18,Q10,Adula,6,19.8,10.3,0.4735,0.0147,0.2381,
Deanza,O,5/17/18,Q10,Adula,7,23.3,11.2,0.8048,0.0547,0.3419,
Deanza,O,5/17/18,Q10,Adula,8,23.1,11.3,0.7284,0.0536,0.3318,
Deanza,O,5/17/18,Q10,Adula,9,21.5,10.7,0.5389,0.0377,0.2449,
Deanza,O,5/17/18,Q10,Adula,10,22.3,11.9,0.6859,0.0406,0.3202,
Deanza,O,5/17/18,Q10,Adula,11,19.3,9.6,0.5296,0.0337,0.2436,
Deanza,O,5/17/18,Q10,Adula,12,16.5,8.6,0.2693,-1.1219,0.1581,tissue fell out of tin
Deanza,O,5/17/18,Q10,Adula,13,17.9,9.6,0.5182,0.0347,0.198,
Deanza,O,5/17/18,Q10,Adula,14,19.2,10.3,0.4845,0.029,0.1986,
Deanza,O,5/17/18,Q10,Adula,15,17.6,9.3,0.3115,0.0151,0.2059,
Deanza,O,5/17/18,Q10,Adula,16,20.4,11,0.621,0.0214,0.2907,
Deanza,O,5/17/18,Q10,Adula,17,17,8.2,0.2546,0.0072,0.1479,
Deanza,O,5/17/18,Q10,Adula,18,16.8,8.7,0.2873,0.0022,0.162,
Deanza,O,5/17/18,Q10,Adula,19,15.4,8.5,0.2722,0.011,0.1367,
Deanza,O,5/17/18,Q10,Adula,20,18.9,9,0.4737,0.0205,0.1967,
Deanza,O,5/17/18,Q10,Adula,21,16.4,8.3,0.2798,0.013,0.1474,
Deanza,O,5/17/18,Q10,Adula,22,12,5.7,0.1177,0.0049,0.0655,
Deanza,O,5/17/18,Q10,C. Spinosum,23,14.3,13.4,0.481,0.0279,0.2409,
Deanza,O,5/17/18,Q10,C. Spinosum,24,14.5,12.6,0.4461,0.0276,0.2184,
Deanza,O,5/17/18,Q10,C. Spinosum,25,16.6,14.1,0.4774,0.0298,0.2538,
Deanza,O,5/17/18,Q10,C. Spinosum,26,7.6,7.7,0.0816,0.0044,0.0443,
Deanza,O,5/17/18,Q10,C. Spinosum,27,8.5,7.7,0.0641,0.0032,0.0376,
Deanza,O,5/17/18,Q10,C. Spinosum,28,8.3,6.5,0.0707,0.0043,0.0386,
Deanza,O,5/17/18,Q10,C. Spinosum,29,8.4,7.4,0.0941,0.0043,0.0563,
Deanza,O,5/17/18,Q10,C. Spinosum,30,9.1,7.5,0.1226,0.0057,0.077,
Deanza,O,5/17/18,Q10,C. Spinosum,31,7.6,6.9,0.0845,0.0039,0.0568,
Deanza,O,5/17/18,Q10,C. Spinosum,32,9.3,7.5,0.111,0.006,0.0652,
Deanza,O,5/17/18,Q10,C. Spinosum,33,11.3,9,0.1361,0.0113,0.0771,
Deanza,O,5/17/18,Q10,C. Spinosum,34,7.4,5.9,0.0504,0.0027,0.028,
Deanza,O,5/17/18,Q10,C. Spinosum,35,9,7.4,0.0667,0.0044,0.0357,
Deanza,O,5/17/18,Q10,C. Spinosum,36,8.9,8.3,0.0813,0.0043,0.0462,
Deanza,O,5/17/18,Q10,C. Spinosum,37,9.3,7.4,0.0821,0.0055,0.0457,
Deanza,O,5/17/18,Q10,C. Spinosum,38,8.8,8.2,0.0787,0.0047,0.0445,
Deanza,O,5/17/18,Q10,C. Spinosum,39,10.3,8.4,0.105,0.0056,0.0585,
Deanza,O,5/17/18,Q10,C. Spinosum,40,11.5,9,0.1253,0.0091,0.0607,
Deanza,O,5/17/18,Q10,C. Spinosum,41,10.8,8.6,0.125,0.0096,0.0704,
Deanza,O,5/17/18,Q10,C. Spinosum,42,12.1,10,0.1203,0.0059,0.0638,
Deanza,O,5/17/18,Q10,C. Spinosum,43,14.4,11.2,0.289,0.0223,0.1507,
Deanza,O,5/17/18,Q10,C. Spinosum,44,13.6,10.2,0.1866,0.0122,0.0992,
Deanza,O,5/17/18,Q10,C. Spinosum,45,14.7,12.4,0.2803,0.0151,0.1318,
Deanza,O,5/17/18,Q10,C. Spinosum,46,15.3,12.5,0.447,0.0259,0.2205,
Deanza,O,5/17/18,Q10,C. Spinosum,47,11.9,9.5,0.1484,0.0099,0.0795,
Deanza,O,5/17/18,Q10,C. Spinosum,48,10.9,9,0.1186,0.0078,0.0616,
Deanza,O,5/17/18,Q10,C. Spinosum,49,14.4,12.3,0.3045,0.0177,0.1488,
Deanza,O,5/17/18,Q10,C. Spinosum,50,12.8,11,0.1932,0.0127,0.1052,
Deanza,O,5/17/18,Q10,C. Spinosum,51,16.6,13.5,0.3462,0.021,0.1723,
Deanza,O,5/17/18,Q10,C. Spinosum,52,18.1,15.8,0.5754,0.0406,0.2945,
Deanza,O,5/17/18,Q10,Musculista,53,24.8,12.2,0.8238,,,
Deanza,O,5/17/18,Q10,Musculista,54,13.3,7.3,#VALUE!,,,
Deanza,O,5/17/18,Q10,Musculista,55,15,7.9,0.1819,,,
Deanza,O,5/17/18,Q10,Musculista,56,15.2,8,0.1771,,,
Deanza,O,5/17/18,Q10,Musculista,57,11,6.3,0.0698,,,
Deanza,O,5/17/18,Q10,Musculista,58,10.3,5.9,0.0378,,,
Deanza,O,5/17/18,Q10,Musculista,59,15.1,8.1,0.2368,,,
Deanza,O,5/17/18,Q10,Musculista,60,14.7,7.8,0.2214,,,
Deanza,O,5/17/18,Q10,Musculista,61,17,8.6,0.2459,,,
Deanza,O,5/17/18,Q10,Musculista,62,11.8,6.1,0.0782,,,
Deanza,O,5/17/18,Q10,Musculista,63,13.1,6.7,0.1619,,,
Deanza,O,5/17/18,Q10,Musculista,64,19.4,10.3,0.4695,,,
Deanza,O,5/17/18,Q10,Musculista,65,11.1,6.2,0.0612,,,
Deanza,O,5/17/18,Q10,Musculista,66,10.9,6,0.0594,,,
Deanza,O,5/17/18,Q10,Musculista,67,15.8,8.4,0.2002,,,
Deanza,O,5/17/18,Q10,Musculista,68,12.5,6.7,0.1036,,,
Deanza,O,5/17/18,Q10,Musculista,69,20.8,10.4,0.5398,,,
Deanza,O,5/17/18,Q10,Musculista,70,14.9,8.7,0.194,,,
Deanza,O,5/17/18,Q10,Musculista,71,16.7,8.8,0.2109,,,
Deanza,O,5/17/18,Q10,Musculista,72,16.6,9.1,0.2813,,,
Deanza,O,5/17/18,Q10,Musculista,73,10.6,6.1,0.0708,,,
Deanza,O,5/17/18,Q10,Musculista,74,13.6,7.2,0.1306,,,
Deanza,O,5/17/18,Q10,Musculista,75,19.5,10.5,0.39,,,
Deanza,O,5/17/18,Q10,Musculista,76,15.1,7.8,0.1821,,,
Deanza,O,5/17/18,Q10,Musculista,77,17.1,9.6,0.3201,,,
Deanza,O,5/17/18,Q10,Musculista,78,15.6,8.1,0.1725,,,
Deanza,O,5/17/18,Q10,Musculista,79,13.7,7.6,0.1518,,,
Deanza,O,5/17/18,Q10,Musculista,80,16.3,8.1,0.2229,,,
Deanza,O,5/17/18,Q10,Musculista,81,13.3,7.2,0.1367,,,
Deanza,O,5/17/18,Q10,Musculista,82,17.9,9.5,0.3472,,,
Deanza,O,5/17/18,Q10,Musculista,83,16.1,8.4,0,,,
Deanza,O,5/17/18,Q10,Musculista,84,12,6.8,0,,,
Deanza,O,5/17/18,Q10,Musculista,85,13.6,7.2,0,,,
Deanza,O,5/17/18,Q10,Musculista,86,14.6,7.4,0,,,
Deanza,O,5/17/18,Q10,Musculista,87,16,8,0,,,
Deanza,O,5/17/18,Q10,Musculista,88,15.6,8.1,0,,,
Deanza,O,5/17/18,Q10,Musculista,89,19.7,10.6,0,,,
Deanza,O,5/17/18,Q10,Musculista,90,13.2,7,0,,,
Deanza,O,5/17/18,Q10,Musculista,91,13.2,7,0,,,
Deanza,O,5/17/18,Q10,Musculista,92,18.5,9.6,0,,,
Deanza,O,5/17/18,Q10,Musculista,93,9.9,5.5,0,,,
Deanza,O,5/17/18,Q10,Musculista,94,13.2,7.4,0,,,
Deanza,O,5/17/18,Q10,Musculista,95,16.1,8.8,0,,,
Deanza,O,5/17/18,Q10,Musculista,96,20.1,10.8,0,,,
Deanza,O,5/17/18,Q10,Musculista,97,14.3,7.1,0,,,
Deanza,O,5/17/18,Q10,Musculista,98,16.2,8.6,0,,,
Deanza,O,5/17/18,Q10,Musculista,99,24,12.1,0,,,
Deanza,O,5/17/18,Q10,Musculista,100,19.5,9.6,0,,,
Deanza,O,5/17/18,Q10,Musculista,101,18.4,10,0,,,
Deanza,O,5/17/18,Q10,Musculista,102,25.4,12.9,0,,,
Deanza,O,5/17/18,Q10,Musculista,103,16.1,8.6,0,,,
Deanza,O,5/17/18,Q10,Musculista,104,13.9,7.3,0,,,
Deanza,O,5/17/18,Q10,Musculista,105,18.8,10.5,0,,,
Deanza,O,5/17/18,Q10,Musculista,106,17.7,8.1,0,,,
Deanza,O,5/17/18,Q10,Musculista,107,15.2,8,0,,,
Deanza,O,5/17/18,Q10,Musculista,108,21.7,11.3,0,,,
Deanza,O,5/17/18,Q10,Musculista,109,16.8,8.6,0,,,
Deanza,O,5/17/18,Q10,Musculista,110,21.4,11.6,0,,,
Deanza,O,5/17/18,Q10,Musculista,111,23.3,11.6,0,,,
Deanza,O,5/17/18,Q10,Musculista,112,19.9,9.9,0,,,
Deanza,O,5/17/18,Q10,Musculista,113,18.9,10.7,0,,,
Deanza,O,5/17/18,Q10,Musculista,114,22.4,11.4,0,,,
Deanza,O,5/17/18,Q10,Musculista,115,16.1,8.7,0,,,
Deanza,O,5/17/18,Q10,Musculista,116,15.7,8.7,0,,,
Deanza,O,5/17/18,Q10,Musculista,117,13.9,7.2,0,,,
Deanza,O,5/17/18,Q10,Musculista,118,13.3,7.3,0,,,
Deanza,O,5/17/18,Q10,Musculista,119,14,7.9,0,,,
Deanza,O,5/17/18,Q10,Musculista,120,13.3,7.4,0,,,
Deanza,O,5/17/18,Q10,Musculista,121,17.7,8.7,0,,,
Deanza,O,5/17/18,Q10,Musculista,122,18.1,9.6,0,,,
Deanza,O,5/17/18,Q10,Musculista,123,16.4,8.7,0,,,
Deanza,O,5/17/18,Q10,Musculista,124,21.1,11.7,0,,,
Deanza,O,5/17/18,Q10,Musculista,125,15,7.8,0,,,
Deanza,O,5/17/18,Q10,Musculista,126,18.5,9.8,0,,,
Deanza,O,5/17/18,Q10,Musculista,127,11.6,6.4,0,,,
Deanza,O,5/17/18,Q10,Musculista,128,16.4,8.7,0,,,
Deanza,O,5/17/18,Q10,Musculista,129,14.3,7.3,0,,,
Deanza,O,5/17/18,Q10,Musculista,130,9.4,5.4,0,,,
Deanza,O,5/17/18,Q10,Musculista,131,14.4,7.9,0,,,
Deanza,O,5/17/18,Q10,Musculista,132,15.5,8.2,0,,,
Deanza,O,5/17/18,Q10,Musculista,133,14.5,7.6,0,,,
Deanza,O,5/17/18,Q10,Musculista,134,16.5,9.2,0,,,
Deanza,O,5/17/18,Q10,Musculista,135,9.5,5.8,0,,,
Deanza,O,5/17/18,Q10,Musculista,136,18.1,9.4,0,,,
Deanza,O,5/17/18,Q10,Musculista,137,15.2,7.9,0,,,
Deanza,O,5/17/18,Q10,Musculista,138,11.7,6.6,0,,,
Deanza,O,5/17/18,Q10,Musculista,139,12.2,7,0,,,
Deanza,O,5/17/18,Q10,Musculista,140,19.8,10.6,0,,,
Deanza,O,5/17/18,Q10,Musculista,141,16.2,8.6,0,,,
Deanza,O,5/17/18,Q10,Musculista,142,16.7,9.2,0,,,
Deanza,O,5/17/18,Q10,Musculista,143,13,7,0,,,
Deanza,O,5/17/18,Q10,Musculista,144,19.2,10.1,0,,,
Deanza,O,5/17/18,Q10,Musculista,145,9.5,5.1,0,,,
Deanza,O,5/17/18,Q10,Musculista,146,13.2,7.2,0,,,
Deanza,O,5/17/18,Q10,Musculista,147,19.2,9.9,0,,,
Deanza,O,5/17/18,Q10,Musculista,148,19.4,9.8,0,,,
Deanza,O,5/17/18,Q10,Musculista,149,13.9,7.8,0,,,
Deanza,O,5/17/18,Q10,Musculista,150,19.2,10,0,,,
Deanza,O,5/17/18,Q10,Musculista,151,18.9,10.3,0,,,
Deanza,O,5/17/18,Q10,Musculista,152,18.7,10.2,0,,,
Deanza,O,5/17/18,Q10,Musculista,153,18.8,9.6,0,,,
Deanza,O,5/17/18,Q10,O. lurida,154,35.1,22.5,0,,,
Deanza,O,5/17/18,Q10,O. lurida,155,38.6,33,0,,,
Deanza,O,5/17/18,Q10,O. lurida,156,26.8,19,0,,,
Deanza,O,5/17/18,Q10,O. lurida,157,29.3,21.8,0,,,
Deanza,O,5/17/18,Q10,O. lurida,158,32.7,23.7,0,,,
Deanza,O,5/17/18,Q10,O. lurida,159,38.4,29,0,,,
Deanza,O,5/17/18,Q10,O. lurida,160,42.8,26.9,0,,,
Deanza,O,5/17/18,Q10,O. lurida,161,30.4,27.2,0,,,
Deanza,O,5/17/18,Q10,O. lurida,162,33.6,26.2,0,,,
Deanza,O,5/17/18,Q10,O. lurida,163,,,0,,,
Deanza,O,5/17/18,Q10,O. lurida,164,,,0,,,
Deanza,O,5/17/18,Q10,O. lurida,165,,,0,,,
Deanza,O,5/17/18,Q10,O. lurida,166,,,0,,,
Deanza,O,5/17/18,Q10,O. lurida,167,,,0,,,
Deanza,O,5/17/18,Q10,O. lurida,168,,,0,,,
Deanza,O,5/17/18,Q10,O. lurida,169,,,0,,,
Deanza,O,5/17/18,Q10,O. lurida,170,,,0,,,
Deanza,O,5/17/18,Q10,O. lurida,171,,,0,,,
Deanza,O,5/17/18,Q10,O. lurida,172,,,0,,,
Deanza,O,5/17/18,Q4,Mytilus,1,20.1,12.1,0.4208,,,
Deanza,O,5/17/18,Q4,Adula,2,15.6,8.4,0.3355,,,
Deanza,O,5/17/18,Q4,Adula,3,18.2,9.3,0.3552,,,
Deanza,O,5/17/18,Q4,Adula,4,18.6,9.6,0.493,,,
Deanza,O,5/17/18,Q4,Adula,5,16.8,8.2,0.3193,,,
Deanza,O,5/17/18,Q4,Adula,6,19.8,10,0.4549,,,
Deanza,O,5/17/18,Q4,Adula,7,13.1,7.3,0.1833,,,
Deanza,O,5/17/18,Q4,Adula,8,14.9,7.7,0.2036,,,
Deanza,O,5/17/18,Q4,Adula,9,13,6,0.1061,,,
Deanza,O,5/17/18,Q4,Adula,10,16.7,8.1,0.2258,,,
Deanza,O,5/17/18,Q4,Adula,11,18.9,9.2,0.4047,,,
Deanza,O,5/17/18,Q4,Adula,12,16,7.5,0.212,,,
Deanza,O,5/17/18,Q4,Adula,13,14.7,7.7,0.2219,,,
Deanza,O,5/17/18,Q4,Adula,14,11.5,5.5,0.0952,,,
Deanza,O,5/17/18,Q4,Adula,15,16.9,9,0.3761,,,
Deanza,O,5/17/18,Q4,Adula,16,17.2,7.9,0.2813,,,
Deanza,O,5/17/18,Q4,Musculista,17,17.3,9.5,0.3722,,,
Deanza,O,5/17/18,Q4,Musculista,18,12.3,6.9,0.1249,,,
Deanza,O,5/17/18,Q4,Musculista,19,11.5,5.9,0.0723,,,
Deanza,O,5/17/18,Q4,Musculista,20,13.9,7.6,0.1547,,,
Deanza,O,5/17/18,Q4,Musculista,21,15.2,8.4,0.1327,,,
Deanza,O,5/17/18,Q4,Musculista,22,14.5,6.5,0.1623,,,
Deanza,O,5/17/18,Q4,Musculista,23,17.1,9.3,0.4541,,,
Deanza,O,5/17/18,Q4,Musculista,24,13.5,6.8,0.1011,,,
Deanza,O,5/17/18,Q4,Musculista,25,10.2,5.3,0.0551,,,
Deanza,O,5/17/18,Q4,Musculista,26,10.9,6.1,0.073,,,
Deanza,O,5/17/18,Q4,Musculista,27,12.8,6.5,-0.0294,,,
Deanza,O,5/17/18,Q4,Musculista,28,11.6,5.7,0.0928,,,
Deanza,O,5/17/18,Q4,Musculista,29,14.1,7.5,0.2104,,,
Deanza,O,5/17/18,Q4,Musculista,30,24.6,7.1,0.1405,,,
Deanza,O,5/17/18,Q4,Musculista,31,14.2,7.8,0.1416,,,
Deanza,O,5/17/18,Q4,Musculista,32,14.2,7.8,0.168,,,
Deanza,O,5/17/18,Q4,Musculista,33,14.7,8.5,0.2034,,,
Deanza,O,5/17/18,Q4,Musculista,34,12.7,6.8,0.0964,,,
Deanza,O,5/17/18,Q4,Musculista,35,14.2,7.6,0.1932,,,
Deanza,O,5/17/18,Q4,Musculista,36,16.4,7.8,0.1863,,,
Deanza,O,5/17/18,Q4,Musculista,37,16.4,9,0.2497,,,
Deanza,O,5/17/18,Q4,Musculista,38,10.5,5.2,0.063,,,
Deanza,O,5/17/18,Q4,Musculista,39,11.8,6.5,0.1094,,,
Deanza,O,5/17/18,Q4,Musculista,40,21.9,10.6,0.5315,,,
Deanza,O,5/17/18,Q4,Musculista,41,14.2,7.4,0.194,,,
Deanza,O,5/17/18,Q4,Musculista,42,11.8,6.3,0.1097,,,
Deanza,O,5/17/18,Q4,Musculista,43,14,7.2,0.151,,,
Deanza,O,5/17/18,Q4,Musculista,44,11.2,6.3,0.0747,,,
Deanza,O,5/17/18,Q4,Musculista,45,11.4,6.2,0.0914,,,
Deanza,O,5/17/18,Q4,Musculista,46,17.4,9.3,0.3863,,,
Deanza,O,5/17/18,Q4,Musculista,47,16.9,8.8,0.3083,,,
Deanza,O,5/17/18,Q4,Musculista,48,10,5.9,0.0516,,,
Deanza,O,5/17/18,Q4,Musculista,49,11.7,6.5,0.092,,,
Deanza,O,5/17/18,Q4,Musculista,50,19.6,9.9,0.5622,,,
Deanza,O,5/17/18,Q4,Musculista,51,10.3,5.5,0.0594,,,
Deanza,O,5/17/18,Q4,Musculista,52,9.8,5.5,0.0545,,,
Deanza,O,5/17/18,Q4,Musculista,53,15.9,8.2,0.1763,,,
Deanza,O,5/17/18,Q4,Musculista,54,16.6,8.3,0.2623,,,
Deanza,O,5/17/18,Q4,Musculista,55,13.6,7.3,0.2221,,,
Deanza,O,5/17/18,Q4,Musculista,56,11.7,6.3,0.0969,,,
Deanza,O,5/17/18,Q4,Musculista,57,12.7,7.3,0.1053,,,
Deanza,O,5/17/18,Q4,Musculista,58,10.3,6.2,0.0496,,,
Deanza,O,5/17/18,Q4,Musculista,59,13.2,8,0.0852,,,
Deanza,O,5/17/18,Q4,Musculista,60,17.6,9.6,0.3232,,,
Deanza,O,5/17/18,Q4,Musculista,61,11.8,6.1,0.0769,,,
Deanza,O,5/17/18,Q4,Musculista,62,11.5,6.4,0.1011,,,
Deanza,O,5/17/18,Q4,Musculista,63,11.4,6.3,0.0895,,,
Deanza,O,5/17/18,Q4,Musculista,64,12.6,6.9,0.1281,,,
Deanza,O,5/17/18,Q4,Musculista,65,16.8,8.8,0.2241,,,
Deanza,O,5/17/18,Q4,Musculista,66,12.8,6.8,0.1307,,,
Deanza,O,5/17/18,Q4,Musculista,67,10.3,6.5,0.08,,,
Deanza,O,5/17/18,Q4,Musculista,68,10,5.9,0.0631,,,
Deanza,O,5/17/18,Q4,Musculista,69,14.3,7.8,0.2116,,,
Deanza,O,5/17/18,Q4,Musculista,70,11.6,6.6,0.0718,,,
Deanza,O,5/17/18,Q4,Musculista,71,18.3,9.6,0.4369,,,
Deanza,O,5/17/18,Q4,Musculista,72,16.2,8.5,0.2331,,,
Deanza,O,5/17/18,Q4,Musculista,73,11.7,6.8,0.0815,,,
Deanza,O,5/17/18,Q4,Musculista,74,9.1,4.2,0.0292,,,
Deanza,O,5/17/18,Q4,Musculista,75,14.8,8.7,0.2695,,,
Deanza,O,5/17/18,Q4,Musculista,76,11.6,7,0.091,,,
Deanza,O,5/17/18,Q4,Musculista,77,17.2,9.1,0.2934,,,
Deanza,O,5/17/18,Q4,Musculista,78,15.3,8.9,0.2095,,,
Deanza,O,5/17/18,Q4,Musculista,79,17.8,9.5,0.3639,,,
Deanza,O,5/17/18,Q4,Musculista,80,17.1,9.1,0.2724,,,
Deanza,O,5/17/18,Q4,Musculista,81,10.7,6,0.0683,,,
Deanza,O,5/17/18,Q4,Musculista,82,15.9,8.6,0.3055,,,
Deanza,O,5/17/18,Q4,Musculista,83,14.9,8.1,0.2042,,,
Deanza,O,5/17/18,Q4,Musculista,84,15.4,8,0.259,,,
Deanza,O,5/17/18,Q4,Musculista,85,17,8.9,0.3212,,,
Deanza,O,5/17/18,Q4,Musculista,86,15.1,7.9,0.2046,,,
Deanza,O,5/17/18,Q4,Musculista,87,15.6,8.3,0.2532,,,
Deanza,O,5/17/18,Q4,Musculista,88,11.6,6.7,0.1075,,,
Deanza,O,5/17/18,Q4,Musculista,89,13.2,7,0.1268,,,
Deanza,O,5/17/18,Q4,Musculista,90,10.1,6,0.0743,,,
Deanza,O,5/17/18,Q4,Musculista,91,13.7,8,0.154,,,
Deanza,O,5/17/18,Q4,Musculista,92,18.7,9.5,0.3755,,,
Deanza,O,5/17/18,Q4,Musculista,93,13.7,7.5,0.1533,,,
Deanza,O,5/17/18,Q4,Musculista,94,17.3,9.4,0.3927,,,
Deanza,O,5/17/18,Q4,Musculista,95,9.7,5.1,0.0539,,,
Deanza,O,5/17/18,Q4,Musculista,96,19.4,10,0.5171,,,
Deanza,O,5/17/18,Q4,Musculista,97,14.1,7.9,0.1679,,,
Deanza,O,5/17/18,Q4,Musculista,98,17.2,5.8,0.3911,,,
Deanza,O,5/17/18,Q4,Musculista,99,15.4,8.1,0.1943,,,
Deanza,O,5/17/18,Q4,Musculista,100,16.7,9.4,0.2042,,,
Deanza,O,5/17/18,Q4,Musculista,101,16,8.1,0.2646,,,
Deanza,O,5/17/18,Q4,Musculista,102,15.9,8.3,0.2532,,,
Deanza,O,5/17/18,Q4,Musculista,103,14.6,8.2,0.1682,,,
Deanza,O,5/17/18,Q4,Musculista,104,17.1,9.1,0.2199,,,
Deanza,O,5/17/18,Q4,Musculista,105,14.2,7.8,0.1704,,,
Deanza,O,5/17/18,Q4,Musculista,106,16.3,8.6,0.2463,,,
Deanza,O,5/17/18,Q4,Musculista,107,16,8.7,0.2385,,,
Deanza,O,5/17/18,Q4,Musculista,108,12.6,5.9,0.13,,,
Deanza,O,5/17/18,Q4,Musculista,109,14.7,7.7,0.2003,,,
Deanza,O,5/17/18,Q4,Musculista,110,11.1,6.2,0.0886,,,
Deanza,O,5/17/18,Q4,Musculista,111,13.8,7.2,0.1503,,,
Deanza,O,5/17/18,Q4,Musculista,112,14.9,7.9,0.1852,,,
Deanza,O,5/17/18,Q4,Musculista,113,19.2,9.9,0.361,,,
Deanza,O,5/17/18,Q4,Musculista,114,13.5,7.7,0.0176,,,
Deanza,O,5/17/18,Q4,Musculista,115,10.6,5.9,0.0813,,,
Deanza,O,5/17/18,Q4,Musculista,116,15.5,7.9,0.1836,,,
Deanza,O,5/17/18,Q4,Musculista,117,11,5.9,0.0745,,,
Deanza,O,5/17/18,Q4,Musculista,118,14.3,7.7,0.1684,,,
Deanza,O,5/17/18,Q4,Musculista,119,15.5,7.8,0.1674,,,
Deanza,O,5/17/18,Q4,Musculista,120,12.5,5.3,0.1552,,,
Deanza,O,5/17/18,Q4,Musculista,121,16.1,9,0.2936,,,
Deanza,O,5/17/18,Q4,Musculista,122,19.3,9.5,0.3825,,,
Deanza,O,5/17/18,Q4,Musculista,123,15.8,9.1,0.2329,,,
Deanza,O,5/17/18,Q4,Musculista,124,12.7,6.9,0.1197,,,
Deanza,O,5/17/18,Q4,Musculista,125,19.2,10.6,0.5536,,,
Deanza,O,5/17/18,Q4,Musculista,126,16.2,7.8,0.2618,,,
Deanza,O,5/17/18,Q4,Musculista,127,9.6,5.6,0.0474,,,
Deanza,O,5/17/18,Q4,Musculista,128,12.3,6.7,0.0855,,,
Deanza,O,5/17/18,Q4,Musculista,129,14.4,8.1,0.1678,,,
Deanza,O,5/17/18,Q4,Musculista,130,11.2,5.8,0.0757,,,
Deanza,O,5/17/18,Q4,Musculista,131,11.6,6.1,0.0888,,,
Deanza,O,5/17/18,Q4,Musculista,132,11.2,5.8,-0.018,,,
Deanza,O,5/17/18,Q4,Musculista,133,15.5,9,0.2117,,,
Deanza,O,5/17/18,Q4,Musculista,134,16.4,8.9,0.2621,,,
Deanza,O,5/17/18,Q4,Musculista,135,13.6,8,0.1562,,,
Deanza,O,5/17/18,Q4,Musculista,136,11.6,6,0.0781,,,
Deanza,O,5/17/18,Q4,Musculista,137,14.5,7.8,0.2056,,,
Deanza,O,5/17/18,Q4,Musculista,138,14.9,7,0.1858,,,
Deanza,O,5/17/18,Q4,Musculista,139,10.7,6,0.0656,,,
Deanza,O,5/17/18,Q4,Musculista,140,16.7,9.3,0.2475,,,
Deanza,O,5/17/18,Q4,Musculista,141,13.5,8.5,0.193,,,
Deanza,O,5/17/18,Q4,Musculista,142,10.1,5.3,0.0525,,,
Deanza,O,5/17/18,Q4,Musculista,143,9.8,5.6,0.067,,,
Deanza,O,5/17/18,Q4,Musculista,144,9.4,5.8,0.0708,,,
Deanza,O,5/17/18,Q4,Musculista,145,12.3,6.8,0.1485,,,
Deanza,O,5/17/18,Q4,Musculista,146,12.8,6,0.0848,,,
Deanza,O,5/17/18,Q4,Musculista,147,13.2,6.9,0.0951,,,
Deanza,O,5/17/18,Q4,Musculista,148,18.6,9.9,0.4328,,,
Deanza,O,5/17/18,Q4,Musculista,149,22.2,9.5,0.5366,,,
Deanza,O,5/17/18,Q4,Musculista,150,10.7,5.1,0.0693,,,
Deanza,O,5/17/18,Q4,Musculista,151,13.5,7.3,0.1656,,,
Deanza,O,5/17/18,Q4,Musculista,152,10.3,5.9,0.0564,,,
Deanza,O,5/17/18,Q4,Musculista,153,18.2,8.7,0.3406,,,
Deanza,O,5/17/18,Q4,Musculista,154,8.6,4.4,0.056,,,
Deanza,O,5/17/18,Q4,Musculista,155,10.4,5.5,0.0818,,,
Deanza,O,5/17/18,Q4,Musculista,156,12.3,7.1,0.1089,,,
Deanza,O,5/17/18,Q4,Musculista,157,11.9,6.7,0.1191,,,
Deanza,O,5/17/18,Q4,Musculista,158,15.5,8.4,0.311,,,
Deanza,O,5/17/18,Q4,Musculista,159,8.6,4.6,0.035,,,
Deanza,O,5/17/18,Q4,Musculista,160,17.6,9.5,0.2913,,,
Deanza,O,5/17/18,Q4,Musculista,161,11.7,6,0.0879,,,
Deanza,O,5/17/18,Q4,Musculista,162,14,7.2,0.0111,,,
Deanza,O,5/17/18,Q4,Musculista,163,13.7,7.1,0.1561,,,
Deanza,O,5/17/18,Q4,Musculista,164,13.9,6.9,0.1107,,,
Deanza,O,5/17/18,Q4,Musculista,165,14.3,8.2,0.1485,,,
Deanza,O,5/17/18,Q4,Musculista,166,11.6,7.7,0.1337,,,
Deanza,O,5/17/18,Q4,Musculista,167,14.3,6.7,0.1543,,,
Deanza,O,5/17/18,Q4,Musculista,168,14.2,7.9,0.1705,,,
Deanza,O,5/17/18,Q4,Musculista,169,15.6,8.7,0.2906,,,
Deanza,O,5/17/18,Q4,Musculista,170,14.1,7,0,,,
Deanza,O,5/17/18,Q4,Musculista,171,14.7,7.4,0,,,
Deanza,O,5/17/18,Q4,Musculista,172,11.7,6.8,0,,,
Deanza,O,5/17/18,Q4,Musculista,173,14.3,7.5,0,,,
Deanza,O,5/17/18,Q4,Musculista,174,11.2,5.9,0,,,
Deanza,O,5/17/18,Q4,Musculista,175,10.8,5.9,0,,,
Deanza,O,5/17/18,Q4,Musculista,176,16.7,8.5,0,,,
Deanza,O,5/17/18,Q4,Musculista,177,15,8.3,0,,,
Deanza,O,5/17/18,Q4,Musculista,178,11.7,6.1,0,,,
Deanza,O,5/17/18,Q4,Musculista,179,17.7,6.7,0,,,
Deanza,O,5/17/18,Q4,Musculista,180,15.1,8,0,,,
Deanza,O,5/17/18,Q4,Musculista,181,16,8,0,,,
Deanza,O,5/17/18,Q4,Musculista,182,13.1,6.8,0,,,
Deanza,O,5/17/18,Q4,Musculista,183,17.5,9.3,0,,,
Deanza,O,5/17/18,Q4,Musculista,184,15.5,8.4,0,,,
Deanza,O,5/17/18,Q4,Musculista,185,14.8,7.4,0,,,
Deanza,O,5/17/18,Q4,Musculista,186,13.3,6.9,0,,,
Deanza,O,5/17/18,Q4,Musculista,187,19.1,9.6,0,,,
Deanza,O,5/17/18,Q4,Musculista,188,13.2,7.4,0,,,
Deanza,O,5/17/18,Q4,Musculista,189,14.7,7.6,0,,,
Deanza,O,5/17/18,Q4,Musculista,190,12.1,7.2,0,,,
Deanza,O,5/17/18,Q4,Musculista,191,10.6,6.1,0,,,
Deanza,O,5/17/18,Q4,Musculista,192,15.4,8.4,0,,,
Deanza,O,5/17/18,Q4,Musculista,193,8.7,4.6,0,,,
Deanza,O,5/17/18,Q4,Musculista,194,16.2,7.7,0,,,
Deanza,O,5/17/18,Q4,Musculista,195,21.4,11.3,0,,,
Deanza,O,5/17/18,Q4,Musculista,196,16.8,8.4,0,,,
Deanza,O,5/17/18,Q4,Musculista,197,12.4,7,0,,,
Deanza,O,5/17/18,Q4,Musculista,198,11.4,5.9,0,,,
Deanza,O,5/17/18,Q4,Musculista,199,14.1,8.4,0,,,
Deanza,O,5/17/18,Q4,Musculista,200,11.7,6.1,0,,,
Deanza,O,5/17/18,Q4,Musculista,201,10.6,4.5,0,,,
Deanza,O,5/17/18,Q4,Musculista,202,11.2,6,0,,,
Deanza,O,5/17/18,Q4,Musculista,203,14.9,7.9,0,,,
Deanza,O,5/17/18,Q4,O. lurida,204,18.9,15.9,0,,,
Deanza,O,5/17/18,Q4,O. lurida,205,17.7,12.2,0,,,
Deanza,O,5/17/18,Q4,O. lurida,206,27.7,22.29,0,,,
Deanza,O,5/17/18,Q4,O. lurida,207,21,18.9,0,,,
Deanza,O,5/17/18,Q4,O. lurida,208,15.7,17.3,0,,,
Deanza,O,5/17/18,Q4,O. lurida,209,26.1,18.7,0,,,
Deanza,O,5/17/18,Q4,O. lurida,210,36,28.6,0,,,
Deanza,O,5/17/18,Q4,O. lurida,211,35.9,17.3,0,,,
Deanza,O,5/17/18,Q4,O. lurida,212,32.9,24.4,0,,,
Deanza,O,5/17/18,Q4,O. lurida,213,33.7,18.4,0,,,
Deanza,O,5/17/18,Q4,O. lurida,214,31.7,25.4,0,,,
Deanza,O,5/17/18,Q4,O. lurida,215,,,0,,,
Deanza,O,5/17/18,Q4,O. lurida,216,,,0,,,
Deanza,O,5/17/18,Q8,Mytlius,1,19.5,12,0,,,
Deanza,O,5/17/18,Q8,Mytlius,2,46.7,27.4,0,,,
Deanza,O,5/17/18,Q8,Mytlius,3,44.2,25.7,0,,,
Deanza,O,5/17/18,Q8,Adula,4,18.8,9.2,0,,,
Deanza,O,5/17/18,Q8,Adula,5,12.7,5,0,,,
Deanza,O,5/17/18,Q8,Adula,6,16.7,9.4,0,,,
Deanza,O,5/17/18,Q8,C. Spinosum,7,13.2,10.2,0,,,
Deanza,O,5/17/18,Q8,C. Spinosum,8,10.3,9.1,0,,,
Deanza,O,5/17/18,Q8,C. Spinosum,9,11.4,10.1,0,,,
Deanza,O,5/17/18,Q8,C. Spinosum,10,9.7,7.4,0,,,
Deanza,O,5/17/18,Q8,C. Spinosum,11,12.9,11,0,,,
Deanza,O,5/17/18,Q8,C. Spinosum,12,9.1,8,0,,,
Deanza,O,5/17/18,Q8,C. Spinosum,13,17,14.5,0,,,
Deanza,O,5/17/18,Q8,C. Spinosum,14,11.6,10.6,0,,,
Deanza,O,5/17/18,Q8,C. Spinosum,15,17.7,15.9,0,,,
Deanza,O,5/17/18,Q8,C. Spinosum,16,14.6,13.1,0,,,
Deanza,O,5/17/18,Q8,C. Spinosum,17,8.2,6.4,0,,,
Deanza,O,5/17/18,Q8,C. Spinosum,18,13.8,11.1,0,,,
Deanza,O,5/17/18,Q8,C. Spinosum,19,10.3,9.2,0,,,
Deanza,O,5/17/18,Q8,C. Spinosum,20,10.3,12.1,0,,,
Deanza,O,5/17/18,Q8,C. Spinosum,21,13.4,12.1,0,,,
Deanza,O,5/17/18,Q8,C. Spinosum,22,15.1,12.9,0,,,
Deanza,O,5/17/18,Q8,C. Spinosum,23,13.9,11.2,0,,,
Deanza,O,5/17/18,Q8,C. Spinosum,24,12.4,10.3,0,,,
Deanza,O,5/17/18,Q8,C. Spinosum,25,14.9,12.2,0,,,
Deanza,O,5/17/18,Q8,Musculista,26,17.1,9.2,0,,,
Deanza,O,5/17/18,Q8,Musculista,27,11.5,6.3,0,,,
Deanza,O,5/17/18,Q8,Musculista,28,19.2,9.8,0,,,
Deanza,O,5/17/18,Q8,Musculista,29,10.1,5.4,0,,,
Deanza,O,5/17/18,Q8,Musculista,30,25.9,12.4,0,,,
Deanza,O,5/17/18,Q8,Musculista,31,20.7,12.3,0,,,
Deanza,O,5/17/18,Q8,Musculista,32,18,9.9,0,,,
Deanza,O,5/17/18,Q8,Musculista,33,16.7,8.6,0,,,
Deanza,O,5/17/18,Q8,Musculista,34,22,10.7,0,,,
Deanza,O,5/17/18,Q8,Musculista,35,19.7,10.4,0,,,
Deanza,O,5/17/18,Q8,Musculista,36,23.7,12.1,0,,,
Deanza,O,5/17/18,Q8,Musculista,37,20,10.3,0,,,
Deanza,O,5/17/18,Q8,Musculista,38,18.1,9.3,0,,,
Deanza,O,5/17/18,Q8,Musculista,39,15.3,8.6,0,,,
Deanza,O,5/17/18,Q8,Musculista,40,17.1,7.9,0,,,
Deanza,O,5/17/18,Q8,Musculista,41,18.5,9.8,0,,,
Deanza,O,5/17/18,Q8,Musculista,42,17.1,9.6,0,,,
Deanza,O,5/17/18,Q8,Musculista,43,18,9.5,0,,,
Deanza,O,5/17/18,Q8,Musculista,44,14.6,8.3,0,,,
Deanza,O,5/17/18,Q8,Musculista,45,12.3,6.6,0,,,
Deanza,O,5/17/18,Q8,Musculista,46,14.3,7,0,,,
Deanza,O,5/17/18,Q8,Musculista,47,19.1,10,0,,,
Deanza,O,5/17/18,Q8,Musculista,48,11.5,6.5,0,,,
Deanza,O,5/17/18,Q8,Musculista,49,17.2,9,0,,,
Deanza,O,5/17/18,Q8,Musculista,50,12.3,6.7,0,,,
Deanza,O,5/17/18,Q8,Musculista,51,19.6,10.4,0,,,
Deanza,O,5/17/18,Q8,Musculista,52,14.8,7.8,0,,,
Deanza,O,5/17/18,Q8,Musculista,53,11.2,5.9,0,,,
Deanza,O,5/17/18,Q8,Musculista,54,18.8,10.5,0,,,
Deanza,O,5/17/18,Q8,Musculista,55,18.9,10.9,0,,,
Deanza,O,5/17/18,Q8,Musculista,56,13,6.6,0,,,
Deanza,O,5/17/18,Q8,Musculista,57,17.4,9,0,,,
Deanza,O,5/17/18,Q8,Musculista,58,16.7,7.9,0,,,
Deanza,O,5/17/18,Q8,Musculista,59,20.8,10.5,0,,,
Deanza,O,5/17/18,Q8,Musculista,60,16.4,9,0,,,
Deanza,O,5/17/18,Q8,Musculista,61,16.7,8.5,0,,,
Deanza,O,5/17/18,Q8,Musculista,62,19.9,9.9,0,,,
Deanza,O,5/17/18,Q8,Musculista,63,17.8,9.4,0,,,
Deanza,O,5/17/18,Q8,Musculista,64,18.5,10.2,0,,,
Deanza,O,5/17/18,Q8,Musculista,65,24.2,11.9,0,,,
Deanza,O,5/17/18,Q8,Musculista,66,18.4,9.2,0,,,
Deanza,O,5/17/18,Q8,Musculista,67,22.7,11.5,0,,,
Deanza,O,5/17/18,Q8,Musculista,68,17.3,9,0,,,
Deanza,O,5/17/18,Q8,Musculista,69,18.1,9.6,0,,,
Deanza,O,5/17/18,Q8,Musculista,70,20.3,10.4,0,,,
Deanza,O,5/17/18,Q8,Musculista,71,14.6,7.9,0,,,
Deanza,O,5/17/18,Q8,Musculista,72,20.4,10.3,0,,,
Deanza,O,5/17/18,Q8,Musculista,73,15.9,8.2,0,,,
Deanza,O,5/17/18,Q8,Musculista,74,25,12.5,0,,,
Deanza,O,5/17/18,Q8,Musculista,75,18.7,10.3,0,,,
Deanza,O,5/17/18,Q8,Musculista,76,19.6,10.8,0,,,
Deanza,O,5/17/18,Q8,Musculista,77,15.2,8.5,0,,,
Deanza,O,5/17/18,Q8,Musculista,78,14.9,7.1,0,,,
Deanza,O,5/17/18,Q8,Musculista,79,23.6,11.3,0,,,
Deanza,O,5/17/18,Q8,Musculista,80,16.2,8.4,0,,,
Deanza,O,5/17/18,Q8,Musculista,81,23.6,12.2,0,,,
Deanza,O,5/17/18,Q8,Musculista,82,23.2,11.8,0,,,
Deanza,O,5/17/18,Q8,Musculista,83,18.1,9.7,0,,,
Deanza,O,5/17/18,Q8,Musculista,84,18.8,9.7,0,,,
Deanza,O,5/17/18,Q8,Musculista,85,21.9,12.1,0,,,
Deanza,O,5/17/18,Q8,Musculista,86,16.6,8.3,0,,,
Deanza,O,5/17/18,Q8,Musculista,87,23,11.5,0,,,
Deanza,O,5/17/18,Q8,Musculista,88,20.6,10.4,0,,,
Deanza,O,5/17/18,Q8,Musculista,89,11.1,5.9,0,,,
Deanza,O,5/17/18,Q8,Musculista,90,20.4,10,0,,,
Deanza,O,5/17/18,Q8,Musculista,91,16.6,10.2,0,,,
Deanza,O,5/17/18,Q8,Musculista,92,17.8,9.5,0,,,
Deanza,O,5/17/18,Q8,Musculista,93,15.7,8.7,0,,,
Deanza,O,5/17/18,Q8,Musculista,94,15,6.9,0,,,
Deanza,O,5/17/18,Q8,Musculista,95,17.8,10,0,,,
Deanza,O,5/17/18,Q8,Musculista,96,18.8,10.8,0,,,
Deanza,O,5/17/18,Q8,Musculista,97,14.7,7.7,0,,,
Deanza,O,5/17/18,Q8,Musculista,98,18.8,10.4,0,,,
Deanza,O,5/17/18,Q8,Musculista,99,23.7,12.5,0,,,
Deanza,O,5/17/18,Q8,Musculista,100,21.4,11.9,0,,,
Deanza,O,5/17/18,Q8,Musculista,101,18.9,10.4,0,,,
Deanza,O,5/17/18,Q8,Musculista,102,13.5,6.9,0,,,
Deanza,O,5/17/18,Q8,Musculista,103,14,7,0,,,
Deanza,O,5/17/18,Q8,Musculista,104,20.2,9.4,0,,,
Deanza,O,5/17/18,Q8,Musculista,105,16.7,8.8,0,,,
Deanza,O,5/17/18,Q8,Musculista,106,21.5,11.3,0,,,
Deanza,O,5/17/18,Q8,Musculista,107,15.3,8.4,0,,,
Deanza,O,5/17/18,Q8,Musculista,108,15,7.7,0,,,
Deanza,O,5/17/18,Q8,Musculista,109,17.7,9.7,0,,,
Deanza,O,5/17/18,Q8,Musculista,110,19.5,9.6,0,,,
Deanza,O,5/17/18,Q8,Musculista,111,13.9,8,0,,,
Deanza,O,5/17/18,Q8,Musculista,112,14.6,7.3,0,,,
Deanza,O,5/17/18,Q8,Musculista,113,15.2,8.1,0,,,
Deanza,O,5/17/18,Q8,Musculista,114,10.6,6.2,0,,,
Deanza,O,5/17/18,Q8,Musculista,115,12.8,6.6,0,,,
Deanza,O,5/17/18,Q8,O. lurida,116,28.5,23.8,0,,,
Deanza,O,5/17/18,Q8,O. lurida,117,30.5,23.7,0,,,
Deanza,O,5/17/18,Q8,O. lurida,118,38,32.1,0,,,
Deanza,O,5/17/18,Q8,O. lurida,119,38.7,24.4,0,,,
Deanza,O,5/17/18,Q8,O. lurida,120,19.6,18.3,0,,,
Deanza,O,5/17/18,Q8,O. lurida,121,32.6,27.8,0,,,
Deanza,O,5/17/18,Q8,O. lurida,122,19.8,15.5,0,,,
Deanza,O,5/17/18,Q8,O. lurida,123,26.1,21.6,0,,,
Deanza,O,5/17/18,Q8,O. lurida,124,36.1,34.8,0,,,
Deanza,O,5/17/18,Q8,O. lurida,125,29.5,20.8,0,,,
Deanza,O,5/17/18,Q8,O. lurida,126,38.2,27.2,0,,,